game_episode,end_x,end_y
153363_1,40.81382369995117,0.4635924994945526
153363_10,28.139347076416016,0.0
153363_12,33.846412658691406,1.5037692785263062
153363_13,41.752742767333984,0.0
153363_15,40.26935577392578,4.158596992492676
153363_16,28.72674560546875,2.273956298828125
153363_17,42.25740432739258,0.0
153363_18,37.866477966308594,0.0
153363_19,18.55381965637207,0.0
153363_2,25.26258659362793,0.0
153363_20,42.7426872253418,0.0
153363_21,38.33504104614258,0.0
153363_22,30.427587509155273,0.0
153363_23,39.87152862548828,0.0
153363_24,29.059219360351562,0.12027227878570557
153363_26,42.37523651123047,0.0
153363_27,25.104633331298828,0.0
153363_28,39.31578063964844,0.0
153363_29,45.947357177734375,0.0
153363_30,37.2293586730957,0.0
153363_31,41.63814163208008,0.0
153363_32,43.19578552246094,0.0
153363_33,45.92914581298828,0.0
153363_34,31.038272857666016,0.0
153363_35,25.401784896850586,0.0
153363_36,49.79985809326172,0.0
153363_37,50.37296676635742,0.0
153363_38,33.596214294433594,0.0
153363_41,22.778886795043945,0.0
153363_43,32.11418533325195,0.0
153363_44,39.46770477294922,0.704047679901123
153363_47,15.846927642822266,0.78945392370224
153363_48,32.917362213134766,0.0
153363_49,38.95895004272461,0.0
153363_50,40.403282165527344,0.0
153363_51,33.140350341796875,0.0
153363_52,38.30048751831055,0.0
153363_53,35.8422966003418,0.0
153363_54,48.78953170776367,0.0
153363_56,39.459983825683594,0.0
153363_57,45.756046295166016,0.0
153363_58,47.43017578125,0.0
153363_59,36.94145584106445,0.0
153363_6,31.70581817626953,0.0
153363_60,28.14794921875,0.0
153363_61,33.73487091064453,0.0
153363_62,61.28519058227539,0.0
153363_64,44.073089599609375,0.0
153363_65,38.040775299072266,0.0
153363_66,34.707393646240234,0.0
153363_67,32.693424224853516,0.0
153363_68,42.785465240478516,0.0
153363_69,29.96782875061035,0.0
153363_7,28.822908401489258,0.0
153363_70,28.304420471191406,1.5921659469604492
153363_71,33.91276168823242,0.0
153363_72,17.582971572875977,0.0
153363_73,30.885473251342773,3.2566452026367188
153363_74,34.951725006103516,0.4418529272079468
153363_75,39.58073425292969,0.0
153363_76,35.51095199584961,0.0
153363_77,27.70709228515625,2.0574889183044434
153363_79,29.47959327697754,0.0
153363_8,18.118093490600586,0.20015862584114075
153363_80,30.287212371826172,0.0
153363_81,38.134891510009766,0.0
153363_82,37.03463363647461,0.22039099037647247
153363_83,22.351465225219727,0.0
153363_84,37.450050354003906,0.0
153363_85,37.64658737182617,0.0
153363_86,47.13922882080078,0.0
153363_9,26.381202697753906,0.0
153364_1,33.028751373291016,0.0
153364_10,44.846920013427734,0.0
153364_11,31.962230682373047,0.8081753849983215
153364_12,46.825748443603516,0.0
153364_14,24.18441390991211,0.0
153364_15,30.900331497192383,0.2629764974117279
153364_16,34.62934494018555,0.0
153364_17,32.409027099609375,0.0872354581952095
153364_18,27.258581161499023,0.7256419062614441
153364_19,20.56675148010254,0.0
153364_2,39.08367919921875,0.0
153364_20,48.6854133605957,0.0
153364_21,29.638038635253906,0.0
153364_22,37.381629943847656,0.0
153364_23,44.67525863647461,0.0
153364_24,24.542617797851562,0.0
153364_25,37.337032318115234,0.0
153364_26,16.072139739990234,1.045525312423706
153364_27,41.993743896484375,0.0
153364_28,40.9958381652832,0.0
153364_29,36.58606719970703,0.0
153364_3,21.102474212646484,0.0
153364_30,42.24812316894531,0.0
153364_31,39.36753845214844,0.0
153364_32,47.18864059448242,0.0
153364_33,45.07867431640625,1.9542243480682373
153364_34,35.49590301513672,0.0
153364_36,58.033409118652344,0.0
153364_37,15.952215194702148,1.1191682815551758
153364_38,42.68038558959961,0.0
153364_39,46.00960159301758,0.0
153364_4,44.52141189575195,0.0
153364_40,33.18256378173828,0.0
153364_41,43.663150787353516,0.0
153364_42,12.326107025146484,1.253563404083252
153364_43,43.77003860473633,0.0
153364_44,29.15931510925293,0.0
153364_45,39.87545394897461,0.0
153364_46,44.20000457763672,0.45694369077682495
153364_47,45.24950408935547,0.0
153364_48,35.94475555419922,0.0
153364_49,49.827430725097656,0.0
153364_5,23.24166488647461,2.5577783584594727
153364_50,44.91796875,0.0
153364_52,16.233829498291016,1.744636058807373
153364_53,15.867677688598633,0.21484322845935822
153364_54,25.04106330871582,0.0
153364_55,45.08208465576172,0.0
153364_56,32.58628845214844,0.0
153364_57,39.67182540893555,0.0
153364_58,58.39097595214844,0.0
153364_59,64.20873260498047,0.0
153364_6,21.399642944335938,0.41135767102241516
153364_61,35.35761260986328,1.22441828250885
153364_62,39.959495544433594,0.0
153364_63,31.06916618347168,0.0
153364_65,45.286895751953125,0.0
153364_66,42.41921615600586,0.0
153364_67,33.75688934326172,0.0
153364_68,43.5503044128418,0.0
153364_69,43.680206298828125,0.0
153364_7,30.36424446105957,2.5178184509277344
153364_70,31.8438777923584,3.9081413745880127
153364_71,42.74455642700195,0.0
153364_73,38.15315628051758,0.0
153364_74,45.13982391357422,0.0
153364_75,29.1738224029541,0.0
153364_76,34.30378341674805,0.0
153364_78,29.255050659179688,0.0
153364_79,14.2719087600708,0.4091179072856903
153364_8,42.165924072265625,0.0
153364_80,27.994253158569336,1.9200729131698608
153364_81,49.91239547729492,0.0
153364_82,41.484981536865234,0.0
153364_84,41.12916564941406,0.0
153364_85,44.41881561279297,0.0
153364_86,34.77854537963867,0.0
153364_9,39.423194885253906,0.8192784190177917
153365_1,35.758384704589844,0.0
153365_10,37.10221862792969,0.0
153365_11,30.006813049316406,1.5211524963378906
153365_12,32.24641799926758,0.0
153365_13,46.43850326538086,1.9056698083877563
153365_14,37.90542984008789,0.0
153365_15,37.95781707763672,0.0
153365_16,24.33814239501953,2.97161865234375
153365_17,36.730106353759766,0.0
153365_2,52.19400405883789,0.0
153365_20,26.42172622680664,1.300105333328247
153365_21,27.77357292175293,0.02542436495423317
153365_23,28.755159378051758,0.0
153365_24,42.716041564941406,3.8951563835144043
153365_25,47.9998893737793,0.0
153365_26,25.023454666137695,0.0
153365_28,39.04585647583008,0.0
153365_29,22.788175582885742,0.7667418122291565
153365_3,31.01764678955078,0.0
153365_30,44.18536376953125,0.3427625298500061
153365_31,28.907129287719727,0.0
153365_32,29.30655860900879,1.1035534143447876
153365_33,18.43419647216797,0.1801074594259262
153365_34,39.7232666015625,0.0
153365_35,33.09844207763672,0.0
153365_36,16.735349655151367,0.0
153365_37,34.58772659301758,0.0
153365_38,20.50309944152832,0.8159610033035278
153365_39,35.40087127685547,0.0
153365_4,15.545707702636719,0.1976415514945984
153365_40,42.0178108215332,0.0
153365_41,34.095314025878906,0.0
153365_42,29.355825424194336,0.0
153365_43,31.073598861694336,0.0
153365_44,43.72943115234375,0.0
153365_45,29.141433715820312,0.0
153365_46,42.511383056640625,0.0
153365_47,19.206663131713867,0.0
153365_48,43.333526611328125,0.0
153365_49,21.38689422607422,0.0
153365_5,20.290800094604492,0.0
153365_50,38.278438568115234,0.0
153365_51,43.89982986450195,0.0
153365_53,19.899288177490234,0.0
153365_54,32.6677360534668,0.0
153365_55,12.894964218139648,0.4310297667980194
153365_56,38.04850387573242,2.388618230819702
153365_57,47.41080856323242,0.0
153365_58,40.40809631347656,3.7623391151428223
153365_59,34.577423095703125,0.0
153365_6,29.87483787536621,0.4054587185382843
153365_60,44.5682487487793,0.0
153365_61,25.266002655029297,0.0
153365_62,54.43673324584961,0.0
153365_64,45.97822570800781,0.0
153365_65,22.573974609375,2.5337536334991455
153365_66,38.23114776611328,0.0
153365_68,44.83683776855469,0.25162094831466675
153365_69,25.981670379638672,0.0
153365_7,31.721025466918945,0.0
153365_70,43.46263122558594,0.0
153365_71,29.907442092895508,0.0
153365_72,51.917720794677734,0.0
153365_73,44.37360763549805,0.0
153365_74,41.482295989990234,2.4494857788085938
153365_75,27.45628547668457,1.1278842687606812
153365_76,28.755905151367188,0.0
153365_77,42.50339126586914,0.0
153365_79,32.54240798950195,0.0
153365_8,38.501548767089844,0.0
153365_80,36.00933837890625,0.0
153365_82,25.956727981567383,0.0
153365_83,30.02875518798828,0.0
153365_84,27.274105072021484,0.0
153365_85,36.012451171875,0.0
153365_86,25.244070053100586,0.0
153365_89,36.88136672973633,0.0
153365_9,38.86730194091797,0.0
153365_90,48.653018951416016,0.0
153365_91,20.067577362060547,0.0
153365_92,43.509944915771484,0.13069799542427063
153365_93,43.6063232421875,0.24218009412288666
153366_1,42.9597053527832,0.0
153366_10,39.85231018066406,0.0
153366_11,34.03461456298828,0.0
153366_12,44.14030456542969,0.0
153366_13,28.475994110107422,0.17905990779399872
153366_14,43.54752731323242,0.0
153366_15,37.03334426879883,0.49204570055007935
153366_16,35.12370300292969,0.0
153366_17,34.034175872802734,0.0
153366_18,39.80388641357422,0.0
153366_19,36.64756393432617,2.7039053440093994
153366_20,42.16581726074219,0.0
153366_21,36.56160354614258,0.0
153366_22,32.251468658447266,0.0
153366_23,36.07811737060547,0.0
153366_24,36.92854309082031,0.0
153366_25,36.800933837890625,0.9885355234146118
153366_27,47.20366668701172,0.0
153366_28,37.66486358642578,0.0
153366_29,31.18449592590332,1.2219070196151733
153366_3,43.350067138671875,0.07599809765815735
153366_30,33.639766693115234,3.0249874591827393
153366_31,37.687129974365234,0.0
153366_32,39.905338287353516,1.3610652685165405
153366_33,46.844627380371094,0.0
153366_35,45.210575103759766,0.0
153366_36,36.84159469604492,1.145420789718628
153366_37,25.96061134338379,1.6241955757141113
153366_38,41.97111892700195,0.0
153366_39,32.84081268310547,0.0
153366_4,43.561424255371094,0.0
153366_40,34.248233795166016,0.0
153366_41,25.759965896606445,0.0
153366_42,44.39656066894531,0.0
153366_43,37.152713775634766,0.0
153366_44,37.22924041748047,0.0
153366_46,26.4045467376709,0.20241092145442963
153366_47,41.261558532714844,0.0
153366_48,46.18711471557617,0.0
153366_49,43.21449661254883,0.0
153366_5,24.14377784729004,2.5161755084991455
153366_50,42.66949462890625,0.0
153366_51,54.289833068847656,0.6327487230300903
153366_52,29.192996978759766,0.0
153366_53,29.465103149414062,2.157174587249756
153366_54,28.47028350830078,0.17917390167713165
153366_55,34.06392288208008,0.0
153366_56,36.28919982910156,0.0
153366_57,20.44358253479004,0.0
153366_58,45.32129669189453,0.0
153366_59,34.89215850830078,0.0
153366_6,42.39728927612305,0.0
153366_60,28.022022247314453,1.6664022207260132
153366_61,35.392555236816406,0.0
153366_62,53.18464279174805,0.0
153366_64,47.78190612792969,0.0
153366_65,44.82204818725586,0.6270745992660522
153366_66,34.603843688964844,0.0
153366_67,31.39122200012207,0.0
153366_68,34.080440521240234,0.0
153366_69,41.44231414794922,0.4691697955131531
153366_7,33.66905975341797,0.0
153366_71,42.874481201171875,0.0
153366_72,35.543052673339844,0.02878233976662159
153366_73,42.19579315185547,0.0
153366_74,33.4896354675293,0.0
153366_75,31.109819412231445,1.6306884288787842
153366_76,30.68748664855957,0.0
153366_77,16.171611785888672,0.06288169324398041
153366_78,42.62295150756836,0.0
153366_79,61.22975158691406,0.0
153366_8,39.62419509887695,0.0
153366_80,29.501293182373047,0.0
153366_81,45.2448616027832,0.0
153366_82,30.856040954589844,3.563086986541748
153366_83,23.096529006958008,0.0
153366_84,49.020164489746094,0.0
153366_85,35.87786865234375,0.0
153366_86,32.92669677734375,3.654170274734497
153366_88,48.638004302978516,3.6807992458343506
153366_89,30.677223205566406,0.0
153366_9,22.15103530883789,0.963390588760376
153366_90,34.70267868041992,0.0
153366_92,18.742673873901367,0.0
153366_93,34.83772277832031,0.0
153366_94,29.625356674194336,0.0
153366_95,37.34308624267578,0.0
153367_1,30.509206771850586,0.0
153367_10,40.189796447753906,0.0
153367_101,48.13353729248047,0.0
153367_102,34.239097595214844,0.2525791823863983
153367_103,19.67131805419922,0.6944534778594971
153367_104,42.544654846191406,0.8283252120018005
153367_106,44.34968185424805,0.0
153367_107,24.399049758911133,0.0
153367_108,19.54615020751953,0.15958747267723083
153367_109,42.676795959472656,0.0
153367_11,38.268592834472656,0.0
153367_110,43.20895767211914,0.0
153367_111,29.160541534423828,0.0
153367_12,36.09577941894531,0.0
153367_13,17.83466339111328,0.0
153367_14,40.88109588623047,0.0
153367_16,39.84479522705078,0.0
153367_17,40.70995330810547,4.8079047203063965
153367_18,36.09385681152344,0.0
153367_19,34.70219421386719,0.0
153367_2,43.625572204589844,0.0
153367_21,42.22903823852539,0.0
153367_22,34.24793243408203,0.0
153367_24,30.03218650817871,0.0
153367_25,31.92835807800293,0.0
153367_26,48.66393280029297,0.0
153367_27,32.436790466308594,0.0
153367_28,33.190040588378906,1.47224760055542
153367_3,23.088699340820312,0.35114234685897827
153367_30,32.81888198852539,0.2473088800907135
153367_31,18.61385726928711,0.19393354654312134
153367_32,41.69044494628906,0.0
153367_33,28.290014266967773,0.0
153367_34,27.94919204711914,0.0
153367_35,29.86298179626465,0.0
153367_36,29.14716339111328,1.294546127319336
153367_37,40.42356491088867,0.0
153367_38,41.27555465698242,0.6073632836341858
153367_39,25.705209732055664,0.0
153367_4,30.027484893798828,0.0
153367_40,33.233070373535156,0.0
153367_41,37.193016052246094,0.0
153367_42,36.146297454833984,0.0
153367_43,48.529998779296875,0.0
153367_44,31.314599990844727,0.0
153367_45,27.169315338134766,0.0
153367_46,54.86405563354492,0.0
153367_47,30.90082550048828,0.7988488078117371
153367_48,42.37102508544922,0.0
153367_49,28.0673770904541,1.0721675157546997
153367_50,43.57489013671875,0.0
153367_51,40.763458251953125,0.0
153367_52,20.247343063354492,0.0
153367_53,52.915626525878906,2.5788588523864746
153367_54,38.635284423828125,0.0
153367_55,37.043460845947266,0.1640630066394806
153367_56,43.64400100708008,0.0
153367_58,52.36846923828125,0.0
153367_59,47.3669319152832,0.0
153367_60,28.47681427001953,0.0
153367_61,35.29602813720703,0.0
153367_62,48.67449188232422,0.0
153367_63,29.35027313232422,1.4717063903808594
153367_64,50.128910064697266,0.0
153367_65,54.5084228515625,0.0
153367_66,29.991086959838867,0.0
153367_67,31.1928653717041,0.0
153367_68,44.17938995361328,0.0
153367_69,38.52027130126953,0.0
153367_7,41.45498275756836,0.0
153367_70,45.877906799316406,0.0
153367_71,10.042515754699707,0.41867130994796753
153367_72,49.87139129638672,0.0
153367_73,34.97214889526367,0.0
153367_74,37.81842803955078,0.0
153367_75,43.63394546508789,0.0
153367_76,26.995553970336914,0.0
153367_77,29.82857894897461,0.0
153367_78,31.97726058959961,0.0
153367_79,25.256221771240234,0.07775696367025375
153367_8,40.83253479003906,0.0
153367_80,21.693716049194336,0.0
153367_81,50.92082595825195,2.446113348007202
153367_82,32.82538604736328,0.0
153367_83,24.875808715820312,0.0
153367_84,42.07801818847656,0.0
153367_85,44.834171295166016,0.0
153367_87,38.079715728759766,0.0
153367_89,45.67433166503906,0.0
153367_9,44.900291442871094,0.0
153367_90,46.689083099365234,0.0
153367_92,50.43803024291992,0.0
153367_93,26.503095626831055,2.0999915599823
153367_94,45.16920852661133,0.0
153367_95,47.09828186035156,0.0
153367_96,33.82262420654297,0.0
153367_97,23.48553466796875,1.13507080078125
153367_98,49.72865295410156,0.0
153367_99,39.86276626586914,0.0
153368_1,34.3132438659668,0.0
153368_10,47.34162139892578,0.0
153368_11,46.33095169067383,0.0
153368_12,29.15875816345215,0.0
153368_14,32.66350555419922,1.2780747413635254
153368_15,41.79537582397461,0.0
153368_16,23.41353988647461,1.5368812084197998
153368_17,23.607025146484375,3.2345192432403564
153368_18,46.094417572021484,1.5331602096557617
153368_19,42.12508010864258,0.0
153368_2,41.04540252685547,0.0
153368_20,39.94346618652344,0.0
153368_21,50.16819381713867,0.0
153368_22,33.723548889160156,0.0
153368_25,33.509525299072266,0.0
153368_26,21.806623458862305,1.5728679895401
153368_27,12.03329086303711,0.9025464057922363
153368_28,48.114479064941406,0.0
153368_29,35.25443649291992,0.0
153368_3,33.821842193603516,0.007251871284097433
153368_30,34.50746154785156,0.0
153368_31,38.30799102783203,0.0
153368_32,41.41279602050781,0.0
153368_33,39.350860595703125,0.0
153368_34,36.1923713684082,0.010824503377079964
153368_36,50.21746063232422,0.0
153368_37,35.4640998840332,2.4648163318634033
153368_38,28.98480224609375,0.0
153368_39,42.81296920776367,0.0
153368_4,28.334348678588867,0.0
153368_41,32.506019592285156,0.0
153368_42,47.40385437011719,0.0
153368_44,50.14157485961914,0.0
153368_45,46.88926696777344,0.0
153368_46,53.071800231933594,0.0
153368_47,29.549938201904297,1.0944615602493286
153368_48,32.34009552001953,0.0
153368_49,47.68831253051758,0.0
153368_5,39.924888610839844,0.0
153368_51,29.03209114074707,0.0
153368_52,41.66573715209961,0.0
153368_53,37.857139587402344,0.0
153368_54,48.541133880615234,0.0
153368_55,33.521385192871094,0.0
153368_57,37.84775924682617,0.0
153368_58,28.75630760192871,0.0
153368_59,38.57358932495117,0.0
153368_60,38.75360107421875,0.0
153368_61,51.18147277832031,0.0
153368_62,31.30049705505371,0.0
153368_63,18.189556121826172,0.0
153368_64,39.14116287231445,0.0
153368_65,40.39293670654297,0.0
153368_66,32.055564880371094,0.8102262616157532
153368_68,23.99979591369629,2.6689071655273438
153368_69,42.81076431274414,0.0
153368_70,37.8822021484375,0.5814238786697388
153368_71,34.33340835571289,0.0
153368_73,37.083377838134766,0.0
153368_74,46.19997024536133,0.0
153368_75,35.49944305419922,0.0
153368_76,42.97329330444336,0.0
153368_77,37.62049102783203,0.0
153368_78,42.976009368896484,1.6109236478805542
153368_79,9.612048149108887,0.0
153368_8,37.16044998168945,0.5489628911018372
153368_80,48.73804473876953,0.0
153368_81,52.697811126708984,0.0
153368_82,40.04336166381836,1.1936006546020508
153368_84,42.636390686035156,0.06450960785150528
153368_85,34.35619354248047,0.0
153368_86,26.278657913208008,0.5273298025131226
153368_9,35.33025360107422,0.0
153369_1,30.818771362304688,0.0
153369_10,33.26874542236328,0.0
153369_11,47.498348236083984,0.0
153369_12,56.9915771484375,0.0
153369_13,49.411781311035156,0.0
153369_14,31.666404724121094,1.1289863586425781
153369_15,34.453025817871094,0.0
153369_16,38.531429290771484,0.0
153369_17,37.53074264526367,0.0
153369_18,33.048004150390625,0.0
153369_19,49.37165069580078,0.0
153369_2,42.030941009521484,0.0
153369_20,41.59809494018555,0.0
153369_21,24.953523635864258,0.0
153369_22,28.677156448364258,0.3926759660243988
153369_23,43.893943786621094,0.0
153369_24,43.083648681640625,0.0
153369_25,37.82004928588867,0.2435540407896042
153369_26,31.443456649780273,0.0
153369_27,50.231201171875,3.6037817001342773
153369_28,36.47470474243164,0.0
153369_29,43.977386474609375,4.656621932983398
153369_3,26.15275001525879,0.0
153369_30,29.0712947845459,2.873856544494629
153369_31,34.593849182128906,0.0
153369_33,30.48644256591797,0.0
153369_34,41.43233871459961,0.0
153369_35,31.178552627563477,0.6553202867507935
153369_37,35.74005889892578,0.0
153369_38,47.029563903808594,1.9909534454345703
153369_39,22.49909210205078,1.4211336374282837
153369_4,17.816680908203125,1.6669409275054932
153369_41,34.912227630615234,0.5185125470161438
153369_42,32.056392669677734,1.0189807415008545
153369_43,20.912622451782227,2.200392723083496
153369_44,46.282135009765625,0.0
153369_45,11.570699691772461,0.44269323348999023
153369_46,55.20772171020508,0.0
153369_5,18.81928253173828,0.0
153369_50,43.659786224365234,0.6192612051963806
153369_51,33.097469329833984,0.0
153369_52,40.2878303527832,0.0
153369_54,41.95181655883789,0.0
153369_55,23.92420768737793,2.2248713970184326
153369_56,22.78033447265625,0.0
153369_57,27.56353187561035,0.0
153369_58,26.8275146484375,1.9855924844741821
153369_60,36.72163772583008,5.7463603019714355
153369_62,45.58673095703125,0.0
153369_63,37.263999938964844,0.0
153369_65,18.52935791015625,1.0657681226730347
153369_66,32.82126998901367,3.5823700428009033
153369_67,41.552032470703125,0.0
153369_68,27.50250244140625,0.0
153369_69,42.79889678955078,2.367967128753662
153369_7,32.59857177734375,0.0
153369_70,48.94013977050781,0.0
153369_71,35.598148345947266,0.6665928363800049
153369_72,35.80908966064453,0.0
153369_73,23.741838455200195,0.0
153369_76,14.271879196166992,0.271689236164093
153369_77,39.73136901855469,0.0
153369_78,29.58608627319336,0.0
153369_80,37.85356140136719,0.0
153369_82,24.694799423217773,1.796086311340332
153369_83,37.32026672363281,0.0
153369_84,43.58616638183594,0.9728873372077942
153369_85,49.876468658447266,0.12462757527828217
153369_86,35.84760284423828,0.0
153369_88,36.70840835571289,0.0
153370_1,36.0557746887207,0.0
153370_10,37.91255569458008,1.693610668182373
153370_11,19.793935775756836,0.0
153370_12,45.454044342041016,0.0
153370_13,26.952499389648438,0.0
153370_14,46.23186111450195,0.0
153370_16,38.22587966918945,0.0
153370_17,30.546310424804688,0.0
153370_18,30.123390197753906,0.6728581786155701
153370_19,38.21290588378906,0.0
153370_2,36.50940704345703,0.0
153370_20,35.392433166503906,0.0
153370_21,33.22777557373047,0.0
153370_22,38.90181350708008,0.12587714195251465
153370_23,38.70470428466797,0.0
153370_24,41.37255096435547,0.0
153370_25,21.339248657226562,0.0
153370_26,37.172271728515625,1.1314901113510132
153370_27,33.13868713378906,0.0
153370_28,41.15538024902344,0.0
153370_3,36.53672409057617,0.0
153370_30,41.98927307128906,0.0
153370_31,30.954986572265625,2.0151190757751465
153370_32,25.97146224975586,0.0
153370_33,39.531394958496094,0.0
153370_35,41.56546401977539,0.0
153370_36,29.493667602539062,3.035088539123535
153370_37,40.95122528076172,0.0
153370_38,33.02764892578125,0.0
153370_39,33.06549835205078,0.0
153370_4,31.77235221862793,0.7689924240112305
153370_40,46.73155975341797,0.0
153370_41,41.00397491455078,0.0
153370_42,27.826093673706055,0.0
153370_43,35.96305847167969,0.0
153370_44,21.373674392700195,0.0
153370_45,31.09978675842285,0.0
153370_46,50.61269760131836,1.6268572807312012
153370_47,31.326913833618164,0.0
153370_49,31.653297424316406,0.0
153370_5,30.961101531982422,0.9001725316047668
153370_50,38.964881896972656,0.0
153370_51,30.170848846435547,0.0
153370_53,14.8685941696167,0.0
153370_54,29.806222915649414,0.0
153370_55,7.821908950805664,0.0
153370_56,20.779067993164062,0.0
153370_57,54.23070526123047,0.0
153370_58,44.21535110473633,0.0
153370_59,41.55785369873047,0.0
153370_6,41.755611419677734,0.30413588881492615
153370_60,33.52106857299805,0.0
153370_61,49.81193161010742,0.0
153370_63,28.242141723632812,0.36473873257637024
153370_64,46.83699417114258,0.0
153370_65,40.98991775512695,0.29984110593795776
153370_66,18.299196243286133,0.3627300262451172
153370_67,37.866912841796875,0.0
153370_68,34.10931396484375,0.0
153370_69,18.147663116455078,0.0
153370_7,16.609169006347656,0.7159273624420166
153370_70,22.0549259185791,1.5778480768203735
153370_71,35.00361251831055,0.0
153370_72,37.75515365600586,0.0
153370_73,23.53162956237793,0.0
153370_74,18.256603240966797,0.23411962389945984
153370_75,43.73896026611328,0.0
153370_76,47.354095458984375,0.14709416031837463
153370_78,26.878501892089844,0.0
153370_79,23.1359920501709,0.0
153370_8,32.440914154052734,0.0
153370_80,29.32987403869629,0.9964178204536438
153370_81,27.356544494628906,0.3387567400932312
153370_83,31.22980308532715,0.0
153370_85,38.00838851928711,1.639260172843933
153370_86,40.48890686035156,0.5247095227241516
153370_88,48.06912612915039,0.0
153370_89,35.19231033325195,2.2379069328308105
153370_9,28.607397079467773,0.0
153370_90,45.254241943359375,0.9613984823226929
153370_91,49.204593658447266,0.0
153370_92,33.26740264892578,0.0
153371_1,11.417387008666992,0.34521347284317017
153371_10,32.473976135253906,0.0
153371_11,46.46381759643555,0.0
153371_12,40.339637756347656,0.0
153371_13,39.679386138916016,0.0
153371_14,42.76803970336914,0.0
153371_15,32.06898880004883,0.17638175189495087
153371_16,33.30552291870117,0.0
153371_17,50.05955123901367,0.0
153371_18,30.559892654418945,0.0
153371_19,26.679410934448242,0.0
153371_2,34.77095031738281,0.0
153371_20,46.735565185546875,0.0
153371_21,53.77021789550781,0.0
153371_22,29.961559295654297,1.648861050605774
153371_23,41.258155822753906,0.0
153371_24,49.18714141845703,0.0
153371_25,23.36730194091797,0.09725947678089142
153371_26,29.008712768554688,0.0
153371_27,35.69282531738281,0.0
153371_28,41.33849334716797,0.0
153371_29,24.949604034423828,0.0
153371_3,28.205158233642578,0.0
153371_30,34.82864761352539,0.09629268199205399
153371_31,26.077266693115234,0.0
153371_32,29.053377151489258,1.7106573581695557
153371_34,44.40757751464844,0.0
153371_35,53.474884033203125,5.309429168701172
153371_36,37.718997955322266,0.0
153371_37,28.19864845275879,0.5242875218391418
153371_38,34.30195617675781,0.0
153371_39,11.464600563049316,0.0
153371_4,41.1815299987793,0.0
153371_40,35.280189514160156,0.1250610649585724
153371_41,30.796756744384766,0.0
153371_42,33.59857177734375,0.0
153371_43,29.413944244384766,0.0
153371_44,30.270740509033203,0.0
153371_45,25.667583465576172,0.0
153371_48,40.04194259643555,0.46332165598869324
153371_49,40.612403869628906,3.5626208782196045
153371_5,46.584102630615234,0.0
153371_50,42.090362548828125,0.0
153371_51,38.02832794189453,0.0
153371_52,47.278602600097656,0.0
153371_53,36.966705322265625,0.4630207121372223
153371_54,27.104665756225586,0.0
153371_55,37.03187942504883,0.0
153371_56,46.87876510620117,0.0
153371_57,48.890907287597656,0.0
153371_58,31.89516830444336,0.0
153371_6,43.72543716430664,0.0
153371_60,54.17196273803711,0.0
153371_61,36.93778610229492,0.0
153371_62,48.97573471069336,0.0
153371_63,21.5692081451416,0.0
153371_64,21.129167556762695,0.04530581459403038
153371_65,25.330533981323242,0.0
153371_66,32.5075798034668,0.0
153371_67,49.97283172607422,0.0
153371_68,27.701271057128906,0.0
153371_69,48.76054763793945,0.0
153371_7,36.06815719604492,0.0
153371_70,42.24677276611328,0.0
153371_71,32.11899185180664,0.0
153371_72,43.44305419921875,0.024664247408509254
153371_73,40.88496780395508,0.0
153371_74,49.3012809753418,0.0
153371_75,43.20973205566406,0.0
153371_76,33.204593658447266,0.0
153371_77,38.378665924072266,0.0
153371_78,48.859737396240234,0.0
153371_79,39.50496292114258,0.0
153371_8,30.92694854736328,0.0
153371_80,26.944713592529297,1.068623423576355
153371_81,31.234838485717773,1.871801495552063
153371_82,33.242759704589844,0.0
153371_83,50.82530212402344,0.0
153371_84,41.88043975830078,0.0
153371_85,44.822208404541016,0.0
153371_86,34.026920318603516,0.8960064053535461
153371_87,28.037498474121094,0.13907870650291443
153371_88,17.8321475982666,0.4210999011993408
153371_9,12.794855117797852,0.9801892638206482
153372_1,36.204620361328125,0.0
153372_10,41.38133239746094,0.0
153372_11,37.59575653076172,0.0
153372_12,41.01715850830078,0.0
153372_13,23.499998092651367,0.0
153372_14,34.624732971191406,0.0
153372_16,48.792457580566406,0.0
153372_17,42.04817581176758,0.0
153372_18,27.587888717651367,0.0
153372_19,36.441349029541016,0.0
153372_2,22.613908767700195,0.0
153372_20,39.7863883972168,0.0
153372_21,37.16078567504883,0.0
153372_22,43.053443908691406,1.8873722553253174
153372_24,42.69877243041992,0.0
153372_25,28.993257522583008,0.0
153372_26,40.75070571899414,0.0
153372_27,39.46331024169922,0.0
153372_28,27.994985580444336,0.0
153372_29,38.6403694152832,0.0
153372_3,38.333824157714844,0.0
153372_30,52.175167083740234,0.0
153372_31,49.93425369262695,0.0
153372_32,37.41201400756836,0.46802636981010437
153372_33,45.04183578491211,0.0
153372_34,35.340579986572266,0.0
153372_35,36.673973083496094,0.0
153372_36,48.75937271118164,0.0
153372_38,27.500638961791992,2.3626859188079834
153372_39,57.82467269897461,10.728678703308105
153372_4,20.625757217407227,1.3000150918960571
153372_40,37.46162414550781,0.0
153372_41,43.23052978515625,4.928812503814697
153372_42,45.375823974609375,0.0
153372_43,33.39585494995117,0.0
153372_44,44.06167984008789,0.0
153372_45,21.81670570373535,0.0
153372_46,40.48088073730469,1.471397042274475
153372_47,47.621028900146484,0.0
153372_48,39.1867790222168,0.8604300618171692
153372_49,26.320940017700195,0.0
153372_5,19.461294174194336,1.198129415512085
153372_50,22.922897338867188,0.0
153372_51,20.7755126953125,0.0
153372_52,40.29452133178711,0.0
153372_53,19.797903060913086,0.0
153372_54,24.329221725463867,1.4428728818893433
153372_55,47.11906814575195,0.0
153372_56,34.60374069213867,0.8836018443107605
153372_57,8.389384269714355,0.5991092920303345
153372_58,20.17866325378418,0.523248016834259
153372_59,52.39600372314453,0.0
153372_6,32.139556884765625,0.0
153372_60,25.969568252563477,0.27128875255584717
153372_61,28.995441436767578,0.0
153372_62,25.833316802978516,0.0
153372_63,29.567155838012695,4.763699531555176
153372_64,42.716278076171875,0.0
153372_65,35.338645935058594,0.0
153372_66,43.64716720581055,0.0
153372_67,28.244733810424805,0.0
153372_68,31.546125411987305,0.0
153372_69,57.94755554199219,0.0
153372_7,51.333229064941406,0.0
153372_70,27.911121368408203,0.8106724619865417
153372_71,42.26127624511719,0.0
153372_72,42.63705062866211,0.0
153372_73,14.381887435913086,0.03060951828956604
153372_74,30.072202682495117,2.0820152759552
153372_75,40.829349517822266,0.0
153372_76,31.62188148498535,0.0
153372_77,38.846832275390625,2.7883949279785156
153372_79,26.634912490844727,0.0
153372_80,44.58879470825195,0.0
153372_82,36.22168731689453,0.0
153372_83,40.01654052734375,0.0
153372_84,48.80970001220703,0.0
153372_85,33.90724182128906,0.782693088054657
153372_86,34.0641975402832,2.0307648181915283
153372_87,40.4015998840332,0.0
153372_88,23.333654403686523,0.0
153372_89,40.1292610168457,0.0
153372_9,43.36272048950195,0.0
153372_90,31.66193962097168,0.0
153372_91,36.376976013183594,0.7104431390762329
153372_92,19.988380432128906,0.0
153372_93,51.74834060668945,0.0
153372_94,22.38997459411621,0.7203636765480042
153372_95,35.03799819946289,0.0
153372_96,28.390533447265625,0.1627262979745865
153372_97,28.23224449157715,0.0
153373_1,20.622722625732422,0.6332536935806274
153373_10,27.649282455444336,0.47942349314689636
153373_13,36.07090759277344,0.0
153373_14,43.16838073730469,0.0
153373_15,33.34225845336914,1.1947330236434937
153373_16,33.25713348388672,0.0
153373_17,22.94007110595703,0.0
153373_18,29.545543670654297,0.0
153373_19,43.4875602722168,0.0
153373_2,37.63139724731445,0.0
153373_20,23.999011993408203,1.7461045980453491
153373_21,35.67140579223633,0.0
153373_22,45.48749923706055,1.250454306602478
153373_23,42.80841827392578,0.0
153373_24,42.68169403076172,0.0
153373_25,41.91603469848633,0.0
153373_26,9.3246431350708,1.0831947326660156
153373_27,35.93083572387695,0.0
153373_28,34.65042495727539,0.0
153373_29,35.605167388916016,2.1065900325775146
153373_3,44.08382797241211,0.0
153373_30,12.743451118469238,0.8513888120651245
153373_31,30.299739837646484,0.688300371170044
153373_32,51.56987762451172,0.0
153373_34,18.20406723022461,0.0
153373_35,54.38951873779297,4.795198440551758
153373_36,47.963661193847656,0.0
153373_37,24.448593139648438,1.0989189147949219
153373_38,38.65505599975586,0.0
153373_4,28.074377059936523,3.5522634983062744
153373_40,41.221805572509766,0.0
153373_41,43.62019348144531,0.0
153373_44,39.60856246948242,0.0
153373_45,22.560150146484375,0.2534210681915283
153373_46,38.74216079711914,0.0
153373_47,40.43117141723633,0.0
153373_49,41.184749603271484,0.0
153373_5,39.59817123413086,0.0
153373_50,46.1081657409668,0.0
153373_51,34.87544631958008,0.0
153373_52,29.370845794677734,3.1046414375305176
153373_54,41.224979400634766,0.0
153373_55,34.65340805053711,0.0
153373_56,55.00772476196289,0.0
153373_57,41.10586929321289,0.0
153373_58,25.91831398010254,0.0
153373_6,51.27939224243164,0.0
153373_60,47.28090286254883,0.0
153373_61,30.741682052612305,3.9053378105163574
153373_63,41.88993453979492,0.9848846793174744
153373_64,41.932682037353516,1.9886492490768433
153373_65,37.500308990478516,0.0
153373_66,41.8251953125,0.015935545787215233
153373_67,39.93208694458008,0.0
153373_68,36.881351470947266,0.0
153373_7,21.57510757446289,1.6206269264221191
153373_70,33.94914245605469,0.0
153373_71,43.281593322753906,0.0
153373_72,21.03819465637207,0.0
153373_73,40.47614288330078,0.3674106001853943
153373_76,47.50777053833008,0.0
153373_77,35.05900955200195,0.0
153373_78,18.845523834228516,0.2594124972820282
153373_79,21.87110710144043,0.0
153373_8,36.93558120727539,0.30819180607795715
153373_80,33.99940872192383,0.0
153373_81,18.983253479003906,0.8267703056335449
153373_82,31.681108474731445,3.02630352973938
153373_83,33.31411361694336,2.421495199203491
153373_84,39.46281814575195,0.0
153373_86,42.69838333129883,0.23565863072872162
153373_87,38.806358337402344,0.0
153373_88,45.07887649536133,0.0
153373_89,24.645767211914062,0.0
153373_9,48.022178649902344,0.0
153373_90,26.04815673828125,0.0
153373_91,38.88812255859375,0.0
153373_92,44.80003356933594,0.0
153373_93,32.6000862121582,0.1722249686717987
153373_94,45.616973876953125,0.0
153373_95,35.45482635498047,0.0
153373_96,34.588134765625,0.4117524027824402
153373_98,35.07583999633789,0.0
153373_99,37.81238555908203,0.07696476578712463
153374_1,28.814725875854492,0.12089613825082779
153374_11,29.48736572265625,1.6196638345718384
153374_12,40.05120849609375,0.0
153374_14,40.328975677490234,0.0
153374_15,47.74259948730469,0.0
153374_16,37.83831787109375,0.0
153374_18,25.463045120239258,0.0
153374_19,34.34206008911133,1.2187223434448242
153374_2,20.47199821472168,0.4049305021762848
153374_20,39.95587158203125,0.0
153374_22,35.97260665893555,0.0
153374_23,22.446378707885742,0.0
153374_24,38.115352630615234,0.0
153374_25,42.04710388183594,0.0
153374_26,39.468807220458984,0.4486740529537201
153374_27,39.945491790771484,0.0
153374_28,35.834068298339844,1.5643279552459717
153374_3,27.553205490112305,1.780023455619812
153374_30,39.43341827392578,0.0
153374_31,16.53328514099121,1.1171422004699707
153374_32,41.10968017578125,0.0
153374_33,49.7994384765625,0.0
153374_36,52.184383392333984,0.0
153374_37,35.68986511230469,3.7509708404541016
153374_38,42.28178405761719,0.0
153374_39,36.45012664794922,0.0
153374_4,28.022563934326172,0.0
153374_40,19.535560607910156,0.0
153374_41,34.011077880859375,0.0
153374_43,35.533321380615234,0.0
153374_44,35.245182037353516,0.0
153374_45,29.250072479248047,2.683767318725586
153374_46,42.57909393310547,0.0
153374_47,19.297243118286133,0.5710001587867737
153374_48,26.96465301513672,0.0
153374_49,43.20804977416992,2.417870044708252
153374_5,30.042896270751953,1.3647398948669434
153374_50,55.43482971191406,2.019634962081909
153374_51,34.94459533691406,0.0
153374_52,52.446075439453125,0.0
153374_53,35.052799224853516,0.0
153374_54,33.24419021606445,1.3245809078216553
153374_55,23.121767044067383,0.0
153374_56,20.26936149597168,0.0
153374_57,37.783390045166016,0.0
153374_58,46.928489685058594,0.0
153374_59,40.032615661621094,0.0
153374_6,34.719058990478516,0.0
153374_61,39.358558654785156,0.0
153374_62,27.57698631286621,0.0
153374_63,26.06719207763672,0.14929285645484924
153374_64,37.8677978515625,0.1292947381734848
153374_65,40.47534942626953,0.0
153374_66,21.545785903930664,1.9350650310516357
153374_67,48.18588638305664,0.0
153374_68,36.03846740722656,0.1957693248987198
153374_69,43.01904296875,0.0
153374_7,42.22356414794922,1.0620516538619995
153374_71,37.228363037109375,0.0
153374_73,52.72878646850586,0.0
153374_74,20.32294273376465,0.10541173815727234
153374_75,36.46165084838867,0.0
153374_76,35.143035888671875,0.0
153374_77,41.7916259765625,2.662379264831543
153374_79,37.01909637451172,2.9281136989593506
153374_8,46.90327072143555,0.0
153374_80,50.0711669921875,0.0
153374_82,11.770848274230957,0.6015505790710449
153374_83,34.4459342956543,0.0
153374_84,49.75104522705078,0.0
153374_85,19.028684616088867,0.0
153374_9,35.382568359375,0.0
153375_1,26.845251083374023,0.0
153375_10,27.977312088012695,0.0
153375_11,39.49566650390625,0.0
153375_12,45.48829650878906,0.0
153375_13,31.877119064331055,0.0
153375_14,34.14108657836914,0.0
153375_15,38.78086471557617,0.0
153375_16,45.50455093383789,0.0
153375_17,16.93143653869629,0.0
153375_18,30.862337112426758,0.0
153375_19,40.32583999633789,0.19767966866493225
153375_2,18.751052856445312,0.0
153375_20,24.531457901000977,0.0
153375_21,31.959678649902344,0.0
153375_22,19.188495635986328,0.04886701703071594
153375_23,32.73185348510742,0.5259672403335571
153375_24,36.733665466308594,0.0
153375_25,31.630340576171875,0.0
153375_26,39.50859069824219,0.0
153375_27,14.392257690429688,0.1798417866230011
153375_28,41.151611328125,0.0
153375_29,40.58768081665039,0.0
153375_3,57.463863372802734,0.0
153375_30,29.526813507080078,3.0848758220672607
153375_32,36.73827362060547,0.0
153375_33,42.616363525390625,0.0
153375_35,20.62175750732422,0.0
153375_36,39.71055603027344,0.0
153375_39,35.38035202026367,0.0
153375_40,34.82203674316406,1.0112576484680176
153375_41,22.41065216064453,0.1737097054719925
153375_42,40.67464828491211,0.0
153375_43,15.496994972229004,0.272957980632782
153375_44,40.541770935058594,0.0
153375_45,17.487411499023438,0.16638189554214478
153375_46,29.935016632080078,0.0
153375_47,21.11524200439453,0.0
153375_48,36.34198760986328,0.0
153375_49,46.255340576171875,0.0
153375_5,38.57027053833008,0.0
153375_50,33.5363883972168,0.0
153375_51,41.72996139526367,0.6045851111412048
153375_53,34.76040267944336,0.0
153375_54,48.57841110229492,0.0
153375_55,34.26035690307617,0.0
153375_56,27.815942764282227,0.0
153375_57,37.76774597167969,0.0
153375_58,41.63938522338867,0.0
153375_59,25.279094696044922,0.0
153375_6,31.77167510986328,0.0
153375_60,39.05398178100586,0.0
153375_61,31.00712013244629,0.0
153375_62,31.336097717285156,0.0
153375_63,44.17329788208008,0.0
153375_65,35.22966384887695,0.0
153375_66,24.98492431640625,0.619737446308136
153375_67,34.68247604370117,0.0
153375_68,17.646331787109375,0.15618324279785156
153375_69,43.17389678955078,0.0
153375_7,42.082645416259766,0.0
153375_70,43.90330505371094,1.2022058963775635
153375_71,46.437416076660156,0.0
153375_72,44.779605865478516,1.2089823484420776
153375_73,43.2343635559082,0.0
153375_77,35.9895133972168,0.0
153375_78,35.88539123535156,0.054202403873205185
153375_79,47.78602981567383,0.0
153375_8,34.6188850402832,0.0
153375_80,38.7853889465332,1.092774510383606
153375_82,38.67530059814453,0.0
153375_83,41.72849655151367,1.4631187915802002
153375_84,44.59606170654297,0.0
153375_9,42.80390167236328,0.0
153376_1,35.383819580078125,0.0
153376_10,32.0496940612793,0.0
153376_11,25.97969627380371,0.0
153376_12,36.44466781616211,0.0
153376_13,31.096073150634766,1.2522993087768555
153376_15,29.785051345825195,1.619871735572815
153376_16,41.24628829956055,0.0
153376_18,39.0579833984375,0.0
153376_19,35.05525588989258,0.0
153376_2,40.44924545288086,1.6412184238433838
153376_22,37.30218505859375,0.0
153376_23,24.53864860534668,1.5099257230758667
153376_24,31.31757926940918,0.0
153376_25,40.36802291870117,0.0
153376_26,35.419193267822266,0.0
153376_27,35.408966064453125,1.869463562965393
153376_28,29.42656135559082,3.447235345840454
153376_29,38.68309020996094,0.0
153376_3,34.261966705322266,0.0
153376_30,38.82644271850586,0.0
153376_31,51.23616027832031,0.0
153376_33,35.41841125488281,0.0
153376_34,38.389163970947266,0.0
153376_35,34.20321273803711,0.0
153376_36,37.88835144042969,0.0
153376_39,27.92376708984375,0.1343301683664322
153376_4,45.600616455078125,1.3693690299987793
153376_40,29.07665252685547,0.0
153376_41,32.39566421508789,0.0
153376_42,34.52231979370117,0.48691242933273315
153376_43,29.88412857055664,1.6425058841705322
153376_44,19.060054779052734,0.5676581263542175
153376_47,38.93416976928711,0.0
153376_48,40.89242172241211,0.0
153376_49,34.996055603027344,0.0
153376_5,30.65973663330078,1.0126999616622925
153376_50,33.8687629699707,0.0
153376_51,29.836151123046875,1.1630358695983887
153376_52,45.908302307128906,0.0
153376_53,39.269493103027344,0.0
153376_54,40.57344436645508,2.3475308418273926
153376_55,50.419342041015625,0.0
153376_56,27.729415893554688,0.0
153376_57,27.903980255126953,0.0
153376_6,24.504629135131836,0.0
153376_60,15.971607208251953,0.0
153376_61,32.70229721069336,3.229020118713379
153376_62,35.48451614379883,0.0
153376_63,21.91435432434082,1.2910658121109009
153376_64,44.739681243896484,0.0
153376_65,36.465240478515625,0.0
153376_66,42.641868591308594,0.4699450135231018
153376_67,35.602535247802734,0.0
153376_68,37.4522590637207,0.0
153376_69,23.14830207824707,0.0
153376_7,35.98997116088867,0.0
153376_70,15.996304512023926,0.0
153376_71,38.29764938354492,0.0
153376_72,32.38774871826172,2.7005677223205566
153376_73,18.091670989990234,0.08519113808870316
153376_75,19.8804931640625,0.10325891524553299
153376_76,44.038116455078125,0.0
153376_77,28.448415756225586,0.0
153376_78,34.15635299682617,0.0
153376_79,17.305463790893555,0.12410521507263184
153376_8,30.503511428833008,0.0
153376_80,38.045928955078125,0.0
153376_81,35.621891021728516,0.0
153376_82,32.8504638671875,1.039540410041809
153376_83,41.30388259887695,0.0
153376_84,35.98973846435547,0.0
153376_85,20.8283634185791,1.021641731262207
153376_86,49.33757781982422,0.0
153376_87,35.102203369140625,1.7129205465316772
153376_88,33.61650848388672,0.0
153376_89,21.799360275268555,0.0
153376_9,40.85153579711914,0.5002476572990417
153377_1,29.4939022064209,0.0
153377_10,25.12509536743164,0.0
153377_11,42.76755142211914,0.0
153377_12,34.1766357421875,0.0
153377_13,27.572980880737305,0.5752846598625183
153377_14,40.32719802856445,0.0
153377_15,29.598140716552734,0.0
153377_16,31.26669692993164,0.0
153377_17,35.63645553588867,0.08166954666376114
153377_18,36.35014724731445,0.0
153377_19,35.40907287597656,0.031629715114831924
153377_2,39.496315002441406,0.0
153377_20,28.509626388549805,0.9541091918945312
153377_21,32.084495544433594,0.0
153377_22,35.80181121826172,0.0
153377_23,30.192302703857422,5.6161370277404785
153377_24,48.995330810546875,0.0
153377_25,31.6857967376709,0.0
153377_26,43.782432556152344,0.0
153377_27,47.03575134277344,0.0
153377_28,21.21256446838379,1.7392773628234863
153377_29,48.368141174316406,0.0
153377_3,31.07352066040039,0.0
153377_30,29.77752685546875,0.0
153377_31,19.664037704467773,0.6039910912513733
153377_32,19.491703033447266,0.12296684086322784
153377_33,18.37689781188965,0.0
153377_34,42.5001335144043,0.9417562484741211
153377_35,32.973876953125,0.7531220316886902
153377_36,32.981021881103516,0.0
153377_37,39.1763801574707,0.0
153377_38,26.813013076782227,0.0
153377_39,40.588993072509766,0.0
153377_40,13.22978401184082,0.0
153377_41,20.98476791381836,0.0
153377_42,36.664249420166016,0.0
153377_43,33.458526611328125,0.0
153377_44,33.63529968261719,0.0
153377_45,51.78142547607422,1.537936806678772
153377_46,17.360994338989258,0.8868464827537537
153377_47,27.047500610351562,0.0
153377_48,38.60230255126953,0.0
153377_49,44.12907028198242,0.0
153377_50,38.0870361328125,0.0
153377_51,38.148277282714844,0.0
153377_52,35.45109558105469,0.03885585069656372
153377_53,47.58607482910156,0.0
153377_54,36.99625015258789,0.0
153377_55,25.548009872436523,0.0
153377_56,39.98540496826172,0.0
153377_58,40.62347412109375,0.0
153377_59,42.65554428100586,0.04097791016101837
153377_60,32.3014030456543,0.0
153377_63,35.6336784362793,0.0
153377_64,36.57474136352539,0.026311902329325676
153377_65,29.162187576293945,2.2553293704986572
153377_66,43.69452667236328,0.0
153377_67,45.01118850708008,0.0
153377_68,29.994970321655273,0.0
153377_69,40.444374084472656,0.0037046349607408047
153377_7,43.06453323364258,0.0
153377_70,41.158016204833984,0.0
153377_72,33.15978240966797,0.0
153377_73,37.40129852294922,0.0
153377_74,48.67008590698242,0.0
153377_8,34.49848556518555,0.0
153377_9,40.406673431396484,0.0
153378_1,39.96946716308594,1.0672866106033325
153378_11,38.0914192199707,0.0
153378_12,45.1801643371582,0.0
153378_13,35.418617248535156,0.0
153378_14,36.09463882446289,0.8842631578445435
153378_15,46.6160888671875,0.0
153378_16,33.027984619140625,0.0
153378_17,34.757354736328125,0.0
153378_18,47.56098937988281,0.0
153378_19,46.119258880615234,0.0
153378_2,33.480018615722656,0.0
153378_20,37.6948356628418,2.099527597427368
153378_21,29.372283935546875,0.0
153378_22,30.62961196899414,0.0
153378_23,36.85108184814453,0.0
153378_24,37.94639205932617,0.6588646173477173
153378_25,37.255516052246094,0.0
153378_26,32.48622131347656,0.0
153378_27,34.092403411865234,0.030217016115784645
153378_28,33.28461456298828,0.0
153378_29,28.941455841064453,0.0
153378_3,33.7868766784668,2.0803685188293457
153378_30,26.66388702392578,0.0
153378_31,39.273345947265625,0.0
153378_32,26.83505630493164,1.5432028770446777
153378_33,43.02183532714844,0.0
153378_34,34.3490104675293,0.0
153378_35,35.23310470581055,0.0
153378_36,27.662813186645508,0.8740764260292053
153378_37,38.95184326171875,0.0
153378_38,43.459632873535156,2.537574291229248
153378_39,16.1441593170166,0.0
153378_4,49.38982391357422,0.0
153378_40,34.151302337646484,0.3974096179008484
153378_41,46.12683868408203,0.0
153378_42,48.90031433105469,0.0
153378_43,50.05043029785156,0.0
153378_44,34.16230392456055,0.0
153378_45,38.9285888671875,0.0
153378_46,37.15062713623047,0.0
153378_47,23.148714065551758,0.6660710573196411
153378_48,35.53315353393555,0.0
153378_49,31.501283645629883,0.0
153378_5,40.07673263549805,0.22549811005592346
153378_50,35.96183395385742,0.0
153378_51,44.22554016113281,0.0
153378_52,46.486026763916016,0.0
153378_53,48.41215896606445,0.0
153378_55,32.830238342285156,0.19003334641456604
153378_56,31.59388542175293,0.47203782200813293
153378_58,39.00736999511719,4.6603593826293945
153378_59,40.243648529052734,0.0
153378_6,38.281646728515625,0.0
153378_60,21.912965774536133,2.0726442337036133
153378_61,30.597658157348633,0.0
153378_62,36.13945388793945,2.613023519515991
153378_64,36.28401565551758,0.0
153378_65,42.086944580078125,0.0
153378_66,22.081405639648438,0.0
153378_67,55.82603073120117,1.7621272802352905
153378_69,32.42363357543945,0.0
153378_70,37.58940505981445,0.0
153378_71,44.044925689697266,0.0
153378_72,40.52202224731445,0.0
153378_73,42.84414291381836,0.0
153378_74,46.3908805847168,0.0
153378_75,27.312366485595703,0.0
153378_76,51.26445007324219,0.0
153378_77,39.84895324707031,0.0
153378_78,37.926597595214844,0.0
153378_79,37.35593795776367,2.487916946411133
153378_8,38.798824310302734,0.0
153378_80,36.94528579711914,0.7644584774971008
153378_81,30.196216583251953,1.4829703569412231
153378_82,25.930204391479492,0.8253039717674255
153378_83,40.29722213745117,0.0
153378_84,42.599910736083984,0.2798561453819275
153378_85,26.167190551757812,0.0
153378_86,38.33560562133789,1.9197014570236206
153378_87,40.744754791259766,0.0
153378_88,16.530349731445312,0.25262129306793213
153378_89,19.742456436157227,0.0827777236700058
153378_9,41.54903793334961,0.0
153378_90,37.303016662597656,0.775220513343811
153378_91,22.632226943969727,2.0531697273254395
153378_92,35.34288024902344,0.0
153378_93,21.646528244018555,0.14696437120437622
153379_1,31.2603702545166,0.0
153379_100,34.23344421386719,1.4499326944351196
153379_11,30.09178924560547,1.016608476638794
153379_12,24.94174575805664,0.0
153379_13,38.79285430908203,0.0
153379_15,34.20509338378906,0.0
153379_16,39.82463073730469,0.0
153379_17,41.16225814819336,0.0
153379_18,39.862632751464844,0.0
153379_19,41.14390563964844,0.0
153379_2,36.48804473876953,0.0
153379_20,43.56545639038086,1.0760085582733154
153379_21,29.257648468017578,0.0
153379_22,38.62940216064453,0.0
153379_23,35.166709899902344,0.0
153379_24,36.219879150390625,0.08762762695550919
153379_25,43.51332473754883,0.0
153379_26,28.448299407958984,0.0
153379_27,44.02046203613281,0.0
153379_29,7.792150497436523,0.10113970935344696
153379_3,41.64310073852539,0.0
153379_30,32.39560317993164,0.0
153379_31,27.210966110229492,2.595761299133301
153379_32,17.183773040771484,0.2320452779531479
153379_33,26.63359260559082,0.0
153379_34,33.72981262207031,0.0
153379_35,29.097023010253906,0.8694989681243896
153379_36,36.6859130859375,0.0
153379_37,33.93202590942383,0.0
153379_38,33.34015655517578,1.3427844047546387
153379_39,15.661813735961914,1.4613041877746582
153379_4,36.859764099121094,0.0
153379_40,41.397762298583984,0.0
153379_41,32.9604377746582,1.4134044647216797
153379_42,34.63380813598633,0.0
153379_43,41.77937698364258,0.0
153379_44,38.2298583984375,1.6235673427581787
153379_45,23.833995819091797,1.4036064147949219
153379_46,30.059106826782227,0.0
153379_47,31.12826919555664,0.0
153379_48,40.653663635253906,0.0
153379_49,31.276090621948242,0.0
153379_5,33.42208480834961,0.0
153379_50,24.82381820678711,0.09445174783468246
153379_51,34.13385009765625,0.0
153379_52,45.178653717041016,0.0
153379_54,38.565364837646484,0.0
153379_55,33.12919998168945,0.0
153379_56,33.7986946105957,0.0
153379_57,28.628801345825195,0.0
153379_58,35.19493865966797,0.0
153379_59,26.748332977294922,0.46158280968666077
153379_6,23.328495025634766,0.2596956789493561
153379_60,32.84156799316406,0.0
153379_61,39.79680633544922,0.0
153379_62,37.24199295043945,0.0
153379_63,39.726924896240234,0.0
153379_64,24.068965911865234,1.5564154386520386
153379_65,31.799009323120117,4.141578197479248
153379_66,32.393863677978516,0.4261239767074585
153379_67,35.458534240722656,0.0
153379_68,31.581148147583008,0.5459355115890503
153379_69,27.41009521484375,1.3393158912658691
153379_7,39.39867401123047,0.0
153379_70,50.509307861328125,0.0
153379_71,46.50180435180664,0.0
153379_72,32.589996337890625,0.0
153379_73,16.783578872680664,0.33054065704345703
153379_74,23.184846878051758,0.0
153379_75,44.276065826416016,0.0
153379_76,29.24601936340332,0.0
153379_77,43.91439437866211,0.0
153379_78,36.27812957763672,0.0
153379_79,39.57971954345703,0.0
153379_80,42.22054672241211,0.0
153379_81,17.632762908935547,0.7142913341522217
153379_82,38.463199615478516,0.0
153379_84,23.0096378326416,2.253322124481201
153379_87,32.0244255065918,0.0
153379_88,39.62521743774414,0.0
153379_89,45.423030853271484,1.8261655569076538
153379_9,23.61028480529785,0.2866749167442322
153379_90,28.483972549438477,0.9460084438323975
153379_91,51.99506759643555,0.0
153379_92,34.82560348510742,0.0
153379_93,35.07586669921875,0.0
153379_94,40.299495697021484,0.0
153379_96,27.70929718017578,1.1978036165237427
153379_97,27.49321746826172,0.17448382079601288
153379_98,39.782161712646484,0.0
153380_1,29.081478118896484,0.0
153380_10,22.41341781616211,0.0
153380_100,30.46334457397461,0.0
153380_101,31.760435104370117,0.0
153380_102,43.07402801513672,0.0
153380_103,51.14903259277344,0.0
153380_104,33.56617736816406,0.0
153380_105,47.404842376708984,1.9832428693771362
153380_106,25.31116485595703,0.0
153380_107,41.14875411987305,0.7100592255592346
153380_11,28.823612213134766,0.0
153380_12,33.50697326660156,0.0
153380_13,42.14674377441406,0.0
153380_15,22.050874710083008,0.0
153380_16,35.43313980102539,1.2560511827468872
153380_17,56.18326950073242,0.5301877856254578
153380_18,37.08515167236328,0.0
153380_2,34.270652770996094,0.0
153380_20,26.60928726196289,1.2278927564620972
153380_21,29.520938873291016,0.0
153380_22,22.665048599243164,1.1052298545837402
153380_23,27.140827178955078,1.7795164585113525
153380_24,40.4141960144043,0.0
153380_25,24.830114364624023,0.0
153380_26,24.32961654663086,1.2896983623504639
153380_27,50.54985809326172,0.0
153380_28,42.46042251586914,0.0
153380_29,21.852298736572266,0.0
153380_3,32.61714172363281,0.0
153380_30,38.03003692626953,0.0
153380_31,44.49612045288086,0.0
153380_32,49.33304214477539,0.0
153380_33,30.227750778198242,0.07771807909011841
153380_34,18.50205421447754,0.2581466734409332
153380_35,39.05247497558594,0.0
153380_36,23.315767288208008,0.0
153380_37,28.850801467895508,0.9952146410942078
153380_38,41.27627182006836,0.0
153380_39,29.996055603027344,1.5666587352752686
153380_4,42.852237701416016,0.0
153380_40,38.781253814697266,0.0
153380_41,45.893985748291016,0.0
153380_42,47.38451385498047,0.6745830774307251
153380_44,47.03449249267578,0.0
153380_45,16.764249801635742,1.0580501556396484
153380_46,47.7108154296875,0.47655385732650757
153380_47,55.750221252441406,0.8908213376998901
153380_48,52.422794342041016,5.171239852905273
153380_49,36.53266525268555,0.0
153380_5,26.18901824951172,0.0
153380_50,47.41819763183594,0.0
153380_52,36.47972106933594,0.0
153380_53,10.81337833404541,0.0
153380_54,32.809478759765625,0.0
153380_55,35.16818618774414,0.37829145789146423
153380_57,34.80476379394531,0.0
153380_58,39.1004638671875,0.0
153380_59,29.6458683013916,0.0
153380_6,29.67645263671875,0.0
153380_61,39.699588775634766,0.0
153380_62,18.33660125732422,0.0
153380_63,35.25330352783203,0.0
153380_64,33.42878723144531,0.0
153380_65,39.58020782470703,0.27555015683174133
153380_66,47.10826110839844,0.0
153380_67,57.8130989074707,6.0673441886901855
153380_68,30.53996467590332,0.0
153380_69,40.15625762939453,0.0
153380_70,40.79449462890625,0.0
153380_71,38.22724151611328,0.0
153380_72,33.9882698059082,0.0
153380_74,34.60840606689453,0.0
153380_75,43.44500732421875,0.0
153380_76,45.308837890625,0.0
153380_77,23.301366806030273,0.0
153380_78,42.62385940551758,0.0
153380_79,32.32437515258789,1.4069238901138306
153380_8,32.81648254394531,0.0
153380_80,13.890189170837402,0.7921081185340881
153380_81,57.60787582397461,0.0
153380_82,42.79301071166992,0.0
153380_83,37.01285934448242,0.0
153380_84,38.99658203125,0.9192809462547302
153380_85,21.396406173706055,2.1991066932678223
153380_86,29.38934898376465,0.0
153380_87,44.0797004699707,0.0
153380_88,18.294374465942383,0.26594990491867065
153380_89,30.885446548461914,0.08891202509403229
153380_9,37.865665435791016,0.0
153380_90,37.5675048828125,0.5383554100990295
153380_91,24.79346466064453,0.14060959219932556
153380_92,26.49102783203125,0.0
153380_93,44.71523666381836,0.0
153380_94,33.22966766357422,0.0
153380_95,33.67477035522461,1.0831890106201172
153380_96,22.929527282714844,0.0
153380_97,7.986629962921143,0.4213293790817261
153380_98,45.47846984863281,0.009518386796116829
153380_99,35.470558166503906,0.0
153381_1,35.874176025390625,3.329254150390625
153381_10,42.84375762939453,0.0
153381_11,39.05940246582031,0.0
153381_12,18.185916900634766,0.4438720643520355
153381_13,42.39444351196289,0.0
153381_14,30.581104278564453,0.13937491178512573
153381_16,22.89615821838379,0.0
153381_17,29.967910766601562,2.211294412612915
153381_18,33.786521911621094,0.0
153381_2,34.409908294677734,0.0
153381_21,40.769161224365234,0.0
153381_22,42.10429382324219,0.0
153381_23,20.94833755493164,0.0
153381_24,20.206077575683594,0.0
153381_25,34.25959396362305,0.0
153381_26,21.690750122070312,0.8397787809371948
153381_27,16.97203254699707,0.37748590111732483
153381_28,16.26494026184082,0.858157753944397
153381_29,41.427581787109375,1.9782787561416626
153381_3,26.092086791992188,0.0
153381_30,39.484046936035156,0.0
153381_31,33.48497772216797,0.6006218194961548
153381_32,38.4499626159668,2.1613309383392334
153381_33,17.760387420654297,0.0
153381_34,30.89769744873047,2.17546010017395
153381_35,34.66706085205078,0.5329644083976746
153381_36,31.120384216308594,0.0
153381_37,27.6093692779541,0.0
153381_39,40.75345230102539,2.0634844303131104
153381_4,19.28013801574707,0.9234567880630493
153381_41,46.308204650878906,0.0
153381_42,31.563249588012695,0.0
153381_43,35.212806701660156,1.82109534740448
153381_44,21.94682502746582,0.20785115659236908
153381_45,32.823570251464844,0.0
153381_46,37.81340789794922,0.0
153381_47,35.12415313720703,0.11079226434230804
153381_48,28.34585189819336,0.24367836117744446
153381_49,46.50136947631836,0.0
153381_5,36.81575393676758,0.0
153381_50,17.40920066833496,0.139137864112854
153381_51,19.847814559936523,0.12256500869989395
153381_52,44.42485427856445,0.0
153381_55,24.969934463500977,0.8779946565628052
153381_57,47.97796630859375,0.0
153381_58,58.339168548583984,0.0
153381_59,38.944915771484375,0.0
153381_6,36.04902648925781,0.0
153381_60,34.93140411376953,0.0
153381_61,34.287601470947266,0.0
153381_62,44.79937744140625,0.0
153381_63,53.27293395996094,0.0
153381_64,25.030561447143555,0.3904598355293274
153381_65,20.312763214111328,0.0
153381_66,35.171836853027344,0.0
153381_67,44.13981246948242,0.0
153381_68,48.8834342956543,0.0
153381_7,30.707122802734375,1.8540817499160767
153381_70,52.579978942871094,0.0
153381_71,46.831695556640625,0.0
153381_72,15.614435195922852,0.0
153381_73,32.27190399169922,0.0
153381_74,44.690391540527344,0.0
153381_75,36.64622116088867,0.0
153381_76,36.940147399902344,0.0
153381_79,18.382089614868164,0.30377450585365295
153381_8,47.52908706665039,0.0
153381_80,34.37445068359375,0.0
153381_82,41.79580307006836,0.0
153381_83,38.685264587402344,0.0
153381_84,52.73277282714844,0.0
153381_85,41.399574279785156,0.0
153381_88,32.65690231323242,0.0
153381_89,40.397186279296875,0.0
153381_90,31.70663833618164,0.0
153381_92,39.27595520019531,0.0
153381_93,33.530330657958984,0.7018201351165771
153381_94,20.54266357421875,0.06199713423848152
153381_95,34.89486312866211,2.5251471996307373
153381_96,26.255353927612305,0.0
153382_1,31.529190063476562,0.0
153382_10,46.3819580078125,0.0
153382_11,36.95115280151367,0.0
153382_12,10.449688911437988,1.399880051612854
153382_13,42.44915771484375,0.0
153382_14,37.187538146972656,0.0
153382_15,22.009130477905273,0.0
153382_16,25.25102996826172,0.0
153382_17,41.5009880065918,0.0
153382_18,24.612197875976562,0.0
153382_19,32.91956329345703,0.0
153382_2,40.18717956542969,0.0
153382_20,43.930030822753906,0.0
153382_22,39.102516174316406,0.0
153382_23,38.202335357666016,0.0
153382_24,45.80944061279297,0.0
153382_25,37.276023864746094,0.0
153382_26,32.841339111328125,0.0
153382_27,41.58025360107422,1.9782339334487915
153382_28,38.86619567871094,0.0
153382_29,48.35942840576172,0.0
153382_3,11.73693561553955,0.3029461205005646
153382_30,36.584903717041016,0.0
153382_31,26.419981002807617,0.8494688868522644
153382_32,27.294879913330078,0.0
153382_34,39.13561248779297,0.0
153382_35,44.909034729003906,2.094311475753784
153382_36,28.57026481628418,0.0
153382_37,35.1419792175293,0.0
153382_38,38.942535400390625,0.0
153382_39,13.180468559265137,1.0342704057693481
153382_4,29.705989837646484,0.2819395959377289
153382_40,42.62367630004883,0.0
153382_41,36.358375549316406,0.7216850519180298
153382_42,48.64613723754883,3.323606491088867
153382_43,30.4571590423584,0.0
153382_44,24.312602996826172,0.0
153382_45,22.35890007019043,1.5397098064422607
153382_47,43.995296478271484,0.0
153382_49,30.199600219726562,0.8579966425895691
153382_5,40.36820983886719,0.0
153382_50,49.443603515625,0.0
153382_51,30.336999893188477,0.0
153382_52,23.46681785583496,0.0
153382_53,45.337074279785156,1.016170620918274
153382_54,45.58735275268555,0.0
153382_55,29.075637817382812,4.002919673919678
153382_56,38.278236389160156,0.0
153382_57,34.61155700683594,2.7366182804107666
153382_58,44.34768295288086,0.0
153382_59,26.80944061279297,0.23313702642917633
153382_6,44.113487243652344,2.160874366760254
153382_63,50.30325698852539,0.0
153382_64,51.66400909423828,0.0
153382_65,33.41724395751953,0.0
153382_66,34.552101135253906,0.0
153382_67,38.986724853515625,3.408865451812744
153382_68,17.520174026489258,0.0
153382_7,50.62773513793945,0.0
153382_70,40.6960563659668,1.2602615356445312
153382_71,48.16712951660156,0.0
153382_72,31.594261169433594,0.0
153382_73,44.43114471435547,0.0
153382_75,29.36098861694336,0.5867931842803955
153382_76,39.51573181152344,0.0
153382_77,41.88275909423828,0.0
153382_78,48.10892105102539,0.0
153382_8,31.18324089050293,0.0
153382_80,44.489131927490234,3.7453770637512207
153382_81,38.468997955322266,0.0
153382_82,38.955650329589844,0.5492799878120422
153382_83,38.12066650390625,0.0
153382_84,44.672584533691406,0.0
153382_85,41.345619201660156,0.0
153382_87,44.08271026611328,0.47462254762649536
153382_88,35.06148910522461,0.3206194043159485
153382_89,36.4822998046875,0.0
153383_1,32.75714111328125,0.0
153383_10,40.76136779785156,0.3649712800979614
153383_11,42.14208984375,0.0
153383_13,24.140527725219727,1.2456661462783813
153383_14,35.30630111694336,0.0
153383_15,29.86808204650879,2.107316732406616
153383_16,42.39583206176758,4.09160041809082
153383_17,45.755455017089844,0.0
153383_18,49.72376251220703,0.0
153383_19,26.186595916748047,0.0
153383_2,27.707956314086914,0.0
153383_20,33.33000946044922,0.0
153383_21,37.45199966430664,0.0
153383_22,38.53424072265625,0.0
153383_23,39.12167739868164,0.8656117916107178
153383_24,46.12299346923828,0.0
153383_25,32.84425735473633,0.0
153383_26,36.02131652832031,0.0
153383_27,34.891815185546875,0.0
153383_28,36.81462097167969,2.2167434692382812
153383_29,33.59696960449219,3.286656618118286
153383_30,22.317096710205078,0.0
153383_31,41.588401794433594,0.0
153383_32,38.84893798828125,0.0
153383_34,43.691246032714844,0.0
153383_35,36.23653793334961,0.0
153383_36,38.75741958618164,0.0
153383_37,36.38648986816406,0.0
153383_38,23.71164894104004,2.979039430618286
153383_39,44.78608322143555,0.0
153383_4,14.850120544433594,1.2648768424987793
153383_40,25.476354598999023,0.8757634162902832
153383_41,25.6702880859375,0.4037300646305084
153383_42,32.31034851074219,0.0
153383_43,17.22667121887207,1.9325411319732666
153383_44,30.498167037963867,0.0
153383_45,38.3890266418457,0.0
153383_46,27.798152923583984,0.0
153383_47,45.210914611816406,0.0
153383_48,31.26660919189453,0.0
153383_49,30.514677047729492,1.6551178693771362
153383_5,8.46212387084961,0.0490201860666275
153383_50,21.063701629638672,0.0
153383_51,34.93863296508789,0.0
153383_53,26.511096954345703,2.8021678924560547
153383_54,37.86288833618164,0.0
153383_55,35.4110107421875,0.0
153383_56,52.94536590576172,0.6438066363334656
153383_57,32.60255432128906,0.0
153383_58,33.94837951660156,0.0
153383_59,36.602840423583984,0.0
153383_6,41.42902755737305,1.0876199007034302
153383_60,25.365108489990234,0.0
153383_62,33.2765998840332,0.0
153383_64,40.39776611328125,0.0
153383_65,42.60519790649414,0.0
153383_66,32.63468551635742,0.0
153383_67,35.29103088378906,0.6190025806427002
153383_68,51.27373123168945,2.8824968338012695
153383_69,22.843124389648438,2.0521605014801025
153383_7,28.03173828125,0.0
153383_70,26.611190795898438,0.0
153383_71,42.246238708496094,0.0
153383_73,33.40317153930664,0.10166863352060318
153383_74,43.63191223144531,0.0
153383_75,42.96955490112305,0.0
153383_76,44.335697174072266,0.0
153383_77,34.94654846191406,0.0
153383_78,36.7193717956543,0.0
153383_79,43.706302642822266,0.0
153383_8,34.38602828979492,0.0
153383_80,34.586181640625,0.0
153383_81,30.259721755981445,0.0
153383_82,25.790817260742188,1.9663505554199219
153383_83,48.07737350463867,0.0
153383_84,6.885173320770264,0.0
153383_86,28.955581665039062,0.14495167136192322
153383_9,52.50926208496094,0.0
153384_1,27.785585403442383,0.0
153384_10,34.374691009521484,0.0
153384_100,35.718326568603516,0.0
153384_101,32.97244644165039,0.0
153384_103,33.457725524902344,0.0
153384_104,36.39802932739258,0.0
153384_105,18.506996154785156,0.1753387749195099
153384_106,43.39778137207031,0.0
153384_107,37.27727508544922,0.0
153384_108,41.10063934326172,0.0
153384_109,32.28676223754883,0.0
153384_11,13.882698059082031,0.5955894589424133
153384_110,38.566165924072266,0.0
153384_111,31.902835845947266,0.0
153384_113,30.077064514160156,0.0
153384_114,27.400409698486328,0.4449155628681183
153384_116,40.215370178222656,0.0
153384_117,24.350332260131836,0.7414551973342896
153384_119,44.53901672363281,0.0
153384_12,52.65789031982422,0.0
153384_15,43.112945556640625,0.0
153384_16,39.74576187133789,0.0
153384_17,17.95306968688965,0.0
153384_18,16.073884963989258,0.2352944016456604
153384_19,48.97327423095703,2.4374277591705322
153384_2,37.4262809753418,0.0
153384_20,30.8644962310791,0.8084760904312134
153384_21,33.49855041503906,1.451439380645752
153384_23,33.26475524902344,0.0
153384_24,32.76771926879883,0.0
153384_25,30.262422561645508,0.0
153384_27,36.52377700805664,0.0
153384_28,47.2012825012207,0.0
153384_29,51.453086853027344,0.39703482389450073
153384_3,26.46197509765625,0.8586325645446777
153384_30,43.94640350341797,0.0
153384_32,41.07083511352539,0.3285958766937256
153384_33,42.205352783203125,0.0
153384_34,39.67782211303711,0.0
153384_35,20.252893447875977,0.7811846733093262
153384_36,41.11803436279297,0.0
153384_37,32.8311767578125,0.09199650585651398
153384_38,48.1553955078125,0.44524386525154114
153384_39,51.800086975097656,0.0
153384_4,30.881807327270508,3.255253314971924
153384_40,18.271438598632812,0.4245256781578064
153384_43,28.794933319091797,0.3024836778640747
153384_44,34.20475769042969,0.0
153384_45,41.082523345947266,3.9739413261413574
153384_46,65.39474487304688,0.0
153384_48,50.0828857421875,0.0
153384_49,25.724781036376953,1.927331805229187
153384_5,40.541500091552734,0.0
153384_50,35.442684173583984,0.0
153384_51,34.24335479736328,0.6954787969589233
153384_52,28.040969848632812,0.0
153384_53,47.143775939941406,0.5243635773658752
153384_54,17.43269157409668,0.0
153384_55,32.73452377319336,1.6055608987808228
153384_58,35.58152770996094,0.0
153384_6,44.74434280395508,0.0
153384_60,33.8551025390625,1.5090843439102173
153384_61,24.774747848510742,0.24291545152664185
153384_62,35.69303894042969,0.0
153384_63,45.23164749145508,0.0
153384_65,18.988880157470703,0.9765294194221497
153384_66,15.05377197265625,0.4537612795829773
153384_69,40.20964431762695,0.0
153384_7,30.605175018310547,2.6347780227661133
153384_70,26.205047607421875,0.6403335332870483
153384_71,10.148734092712402,1.0829105377197266
153384_73,27.23908233642578,0.0
153384_74,34.39017868041992,0.0
153384_75,31.932785034179688,0.9974355101585388
153384_76,27.378047943115234,0.0
153384_77,35.16258239746094,0.24103255569934845
153384_80,21.59160804748535,2.3713059425354004
153384_81,27.94355583190918,0.7399237155914307
153384_82,38.62946701049805,0.0
153384_85,51.923683166503906,0.0
153384_86,33.55221176147461,0.33418843150138855
153384_87,28.98042106628418,0.0
153384_88,27.462400436401367,0.0
153384_89,20.142370223999023,0.06030706316232681
153384_9,39.024967193603516,0.0
153384_90,10.4715576171875,0.3992081880569458
153384_91,39.5556640625,0.0
153384_93,26.123645782470703,0.0
153384_94,15.126411437988281,0.0
153384_95,37.81671905517578,0.0
153384_96,35.882118225097656,0.4159080386161804
153384_97,26.436927795410156,0.5996583700180054
153384_98,40.0893440246582,0.0
153384_99,24.18307113647461,0.0
153385_1,39.26694869995117,0.0
153385_10,60.070960998535156,0.0
153385_11,42.61296844482422,0.0
153385_12,38.26619338989258,0.37453562021255493
153385_13,43.16244125366211,1.7679349184036255
153385_16,41.69718933105469,0.0
153385_17,46.89867401123047,0.0
153385_18,38.12684631347656,0.0
153385_19,32.85873031616211,0.0
153385_2,45.227848052978516,0.0
153385_20,25.07646942138672,0.36900565028190613
153385_21,32.36200714111328,0.0
153385_22,37.757118225097656,0.0
153385_23,50.42629623413086,2.588240146636963
153385_24,27.875835418701172,0.5975906848907471
153385_25,19.29420280456543,0.0
153385_26,32.905845642089844,0.0
153385_28,37.70355224609375,0.0
153385_3,37.34540557861328,0.0
153385_30,36.55154037475586,0.0
153385_31,35.576416015625,0.09287837892770767
153385_34,30.014598846435547,2.146216630935669
153385_35,39.266990661621094,0.0
153385_36,37.497440338134766,0.0
153385_38,49.75188446044922,0.0
153385_39,41.86219024658203,0.0
153385_4,30.287681579589844,0.0
153385_40,30.002796173095703,0.0
153385_41,36.981658935546875,0.0
153385_42,30.48365020751953,0.0
153385_43,14.700048446655273,0.0
153385_44,22.974700927734375,1.9629124402999878
153385_45,43.75299835205078,0.0
153385_47,35.314327239990234,0.21416312456130981
153385_48,34.23242950439453,0.0
153385_49,35.59134292602539,0.0
153385_5,25.412864685058594,1.7042453289031982
153385_50,40.229671478271484,0.0
153385_51,35.71524429321289,0.0
153385_52,29.116474151611328,0.9209083318710327
153385_53,36.75242233276367,0.0
153385_54,35.73483657836914,0.38193610310554504
153385_55,39.692413330078125,0.0
153385_58,42.61603927612305,0.0
153385_59,46.69294357299805,0.0
153385_6,23.270666122436523,0.0
153385_60,22.779415130615234,1.1426265239715576
153385_61,35.37174606323242,0.0
153385_63,46.75698471069336,9.585205078125
153385_64,43.09626388549805,5.099531650543213
153385_65,27.530986785888672,2.240828275680542
153385_66,35.23598098754883,0.0
153385_67,42.15681838989258,0.0
153385_68,35.902137756347656,0.0
153385_69,42.170616149902344,0.0
153385_7,42.371925354003906,0.0
153385_70,42.001922607421875,2.0827088356018066
153385_72,43.15211868286133,0.0
153385_74,20.348604202270508,1.6381417512893677
153385_75,37.794586181640625,0.0
153385_76,44.60123825073242,0.7862199544906616
153385_77,28.729230880737305,0.0
153385_79,24.72528839111328,0.0
153385_8,46.43252944946289,0.0
153385_80,32.37103271484375,0.0
153385_81,32.59837341308594,0.0
153385_82,40.0694465637207,0.0
153385_83,48.106136322021484,0.0
153385_84,22.93745994567871,0.1599476933479309
153385_89,36.74534606933594,0.17916522920131683
153385_9,32.10659408569336,0.0
153385_90,22.819814682006836,0.6991496086120605
153386_1,36.06787872314453,0.0
153386_10,40.572357177734375,0.0
153386_12,51.39421463012695,0.34828293323516846
153386_13,30.562053680419922,0.0
153386_14,25.56498908996582,0.0
153386_15,46.53242874145508,0.0
153386_16,36.50328063964844,0.0
153386_17,24.84712791442871,0.0
153386_18,17.74181365966797,0.06696789711713791
153386_2,41.00187683105469,0.0
153386_20,35.61919021606445,1.2911986112594604
153386_21,38.973480224609375,0.18436627089977264
153386_22,45.22697067260742,0.5497012138366699
153386_23,25.754758834838867,1.2919745445251465
153386_24,50.53866958618164,0.0
153386_25,30.857830047607422,1.7503297328948975
153386_26,19.047901153564453,0.11371446400880814
153386_28,33.48594665527344,0.0
153386_29,48.2154541015625,0.0
153386_3,27.93263816833496,0.0
153386_31,22.969375610351562,0.5530776977539062
153386_33,43.96543884277344,0.0
153386_34,39.741634368896484,1.1696178913116455
153386_35,37.71428680419922,0.0
153386_36,35.502296447753906,0.0
153386_37,24.187013626098633,0.0
153386_38,53.50002670288086,0.0
153386_39,37.4692497253418,3.2123360633850098
153386_4,39.627716064453125,0.0
153386_40,33.46562194824219,0.8605008721351624
153386_41,28.6892147064209,0.0
153386_42,40.32564926147461,0.0
153386_43,46.577392578125,1.9591740369796753
153386_44,25.61050033569336,0.0
153386_45,26.380226135253906,0.0
153386_46,36.55479049682617,0.08027318865060806
153386_47,32.52516174316406,0.11944040656089783
153386_48,18.544939041137695,0.0
153386_49,39.558074951171875,0.0
153386_5,35.99688720703125,0.0
153386_50,7.886331081390381,0.5102118849754333
153386_51,43.57550811767578,0.0
153386_52,41.26308059692383,0.0
153386_53,40.71123504638672,0.0
153386_54,35.73759841918945,0.0
153386_55,33.42058563232422,0.0
153386_56,56.409976959228516,0.0
153386_57,44.62936782836914,1.904504418373108
153386_58,27.110454559326172,0.0
153386_59,25.563844680786133,0.0
153386_6,50.2757568359375,0.0
153386_60,38.162357330322266,0.7085059881210327
153386_61,43.2985725402832,0.0
153386_62,32.68362808227539,0.0
153386_63,39.04370880126953,0.0
153386_64,46.87356185913086,0.0
153386_66,53.620086669921875,0.0
153386_67,43.99127197265625,0.0
153386_69,49.49913024902344,0.0
153386_7,39.20259094238281,0.0
153386_70,30.95423698425293,0.3044288158416748
153386_72,28.464624404907227,0.0
153386_73,26.513450622558594,1.2923197746276855
153386_74,27.754322052001953,0.0
153386_76,44.178462982177734,0.0
153386_77,35.159332275390625,0.23095948994159698
153386_78,30.331998825073242,0.11652485281229019
153386_79,22.72177505493164,0.08305308222770691
153386_8,49.339088439941406,0.0
153386_80,17.20355224609375,0.10408039391040802
153386_81,42.84819030761719,0.0
153386_82,41.2066764831543,0.0
153387_1,24.36354637145996,0.6548244953155518
153387_10,42.05221939086914,0.0
153387_11,37.166107177734375,0.0
153387_12,19.52315902709961,0.035458169877529144
153387_13,30.044736862182617,0.0
153387_14,28.05342674255371,0.0
153387_15,19.288198471069336,0.5919572710990906
153387_16,44.193206787109375,0.0
153387_17,34.4578971862793,0.0
153387_18,37.87462615966797,0.0
153387_19,42.76779556274414,0.0
153387_2,31.477201461791992,0.0
153387_20,37.34546661376953,1.3742612600326538
153387_21,38.17701721191406,0.0
153387_22,37.13792419433594,0.0
153387_25,34.247528076171875,0.0
153387_26,19.825183868408203,0.30257776379585266
153387_27,42.43056106567383,0.0
153387_29,41.23778533935547,0.0
153387_3,29.297103881835938,0.0
153387_30,41.7920036315918,0.5219979882240295
153387_31,40.89552307128906,0.4672970473766327
153387_32,49.38954544067383,0.0
153387_33,17.268537521362305,0.8846821784973145
153387_34,52.24531555175781,0.0
153387_35,36.66456604003906,0.0
153387_36,44.462162017822266,0.0
153387_37,45.50117874145508,0.10801777988672256
153387_38,32.00001525878906,3.7432661056518555
153387_39,28.97435188293457,0.0
153387_4,40.07046890258789,0.015743782743811607
153387_40,17.630207061767578,0.6359438896179199
153387_41,31.743837356567383,0.0
153387_42,41.08560562133789,7.68619441986084
153387_43,52.14012145996094,0.0
153387_44,54.56876754760742,0.0
153387_45,24.50417709350586,1.289428949356079
153387_46,25.091596603393555,0.0
153387_47,29.193021774291992,0.0
153387_48,47.70297622680664,0.0
153387_49,22.820520401000977,0.0
153387_5,37.25156784057617,0.19441108405590057
153387_50,41.341041564941406,0.0
153387_51,51.96754455566406,0.0
153387_52,31.445215225219727,0.0
153387_54,31.075775146484375,1.2806447744369507
153387_55,31.419679641723633,0.0
153387_56,31.235673904418945,0.34077930450439453
153387_57,38.58940887451172,0.0
153387_58,17.762868881225586,0.0
153387_59,44.27790832519531,0.0
153387_6,42.82277297973633,0.0
153387_60,32.32860565185547,0.0
153387_61,38.4090461730957,0.0
153387_62,41.50505065917969,0.5465031266212463
153387_63,24.53046226501465,0.0
153387_64,39.7834358215332,0.0
153387_66,34.3904914855957,0.0
153387_67,45.43374252319336,0.0
153387_68,23.421789169311523,0.1463729292154312
153387_69,34.6189079284668,0.8905134201049805
153387_7,20.815128326416016,0.8658059239387512
153387_70,32.78742599487305,0.0
153387_71,42.09293746948242,0.0
153387_72,41.26353454589844,0.0
153387_73,26.834867477416992,0.0
153387_74,30.819725036621094,0.0
153387_75,22.748245239257812,0.0
153387_76,48.85409927368164,0.0
153387_77,38.01697540283203,0.0
153387_78,39.68764114379883,1.7484664916992188
153387_79,28.160816192626953,1.695746898651123
153387_8,37.68064880371094,0.5134237408638
153387_80,39.8560791015625,0.03044791705906391
153387_81,56.507720947265625,0.0
153387_82,30.197046279907227,0.5469328165054321
153387_83,34.96943283081055,0.0
153387_84,28.25185203552246,0.0
153387_85,41.313297271728516,0.7512861490249634
153387_86,34.048744201660156,1.1814289093017578
153387_87,37.43888473510742,1.7348291873931885
153387_88,29.61709213256836,1.9144694805145264
153388_1,38.19020462036133,0.0
153388_10,31.281776428222656,0.0
153388_11,44.219112396240234,0.0
153388_12,47.5184326171875,0.0
153388_13,33.47501754760742,0.0
153388_14,38.02595901489258,2.809216022491455
153388_15,38.91465759277344,0.23514920473098755
153388_16,42.18358612060547,0.0
153388_17,23.832197189331055,1.492223858833313
153388_18,27.24563217163086,0.5717344880104065
153388_19,31.009328842163086,0.0
153388_2,28.40284538269043,0.0
153388_20,23.083467483520508,1.955711007118225
153388_21,28.449352264404297,0.0
153388_22,19.700468063354492,2.22170090675354
153388_23,24.73157501220703,0.0
153388_24,52.828182220458984,0.24327051639556885
153388_25,44.58007049560547,0.0
153388_26,22.85764503479004,0.45121124386787415
153388_27,29.734973907470703,2.729454278945923
153388_28,47.83647918701172,0.0
153388_29,47.13910675048828,0.0
153388_32,39.10554122924805,0.3360971212387085
153388_33,49.73625564575195,0.0
153388_34,27.83050537109375,0.0
153388_35,35.512596130371094,0.0
153388_36,41.02834701538086,0.0
153388_37,34.226844787597656,0.0
153388_38,46.01235580444336,0.0
153388_39,18.257354736328125,0.0
153388_4,36.35668182373047,0.0
153388_40,50.307132720947266,0.0
153388_41,27.868175506591797,0.0432778000831604
153388_42,35.995296478271484,0.0
153388_43,46.87874984741211,0.0
153388_44,57.77472686767578,9.826459884643555
153388_45,39.033348083496094,0.0
153388_46,30.046899795532227,0.0
153388_47,42.829833984375,0.0
153388_48,23.09105110168457,0.36355888843536377
153388_49,40.761165618896484,0.0
153388_5,33.007450103759766,0.7625979781150818
153388_50,34.09555435180664,0.0
153388_51,39.36658477783203,0.0
153388_52,34.741851806640625,0.0
153388_54,18.599811553955078,0.07438679784536362
153388_55,28.383968353271484,0.0
153388_56,28.86825942993164,0.0
153388_57,26.272747039794922,0.0
153388_59,39.54337692260742,0.0
153388_6,44.154136657714844,0.0
153388_60,33.502540588378906,0.0
153388_61,51.208648681640625,0.0
153388_62,49.66926574707031,1.5091228485107422
153388_63,26.85022735595703,0.0
153388_64,35.23858642578125,0.0
153388_65,21.138256072998047,0.0
153388_66,31.22386360168457,1.9437754154205322
153388_67,42.45423126220703,0.0
153388_68,31.641254425048828,0.0
153388_69,36.53730773925781,0.0
153388_7,15.47275447845459,0.8935776352882385
153388_70,44.23873519897461,0.0
153388_71,39.47182083129883,0.0
153388_72,27.430166244506836,0.8037344813346863
153388_73,40.36265182495117,1.0970643758773804
153388_74,25.852298736572266,1.5768226385116577
153388_75,29.640417098999023,0.0
153388_78,45.18089294433594,0.0
153388_79,29.046998977661133,2.0086278915405273
153388_8,27.955507278442383,0.0
153388_80,24.85198211669922,0.4220471978187561
153388_81,32.82585144042969,0.0
153388_82,12.849385261535645,0.2714882493019104
153388_9,46.0095100402832,0.0
153389_1,36.685691833496094,0.0
153389_10,40.11357116699219,0.005878624971956015
153389_11,32.82366943359375,0.0
153389_12,37.982059478759766,0.0
153389_13,38.814239501953125,0.0
153389_14,21.046173095703125,0.5525121688842773
153389_15,37.54119873046875,0.0
153389_16,51.52538299560547,0.0
153389_17,35.14692687988281,0.0
153389_18,41.571197509765625,0.0
153389_19,34.027008056640625,0.0
153389_2,14.925456047058105,1.3789796829223633
153389_21,38.28491973876953,0.5333349704742432
153389_22,23.82382583618164,0.33006423711776733
153389_23,47.5787467956543,1.6390777826309204
153389_24,36.943870544433594,0.08108817785978317
153389_25,55.434078216552734,0.0
153389_26,48.61305236816406,0.0
153389_27,42.10905456542969,0.0
153389_28,35.840843200683594,0.0
153389_29,45.03245544433594,0.0
153389_3,19.166099548339844,1.0689705610275269
153389_30,44.31340789794922,0.0
153389_31,38.287574768066406,1.50886070728302
153389_32,37.67831039428711,0.0
153389_33,40.612510681152344,3.152115821838379
153389_34,31.536096572875977,0.0
153389_35,35.74273681640625,0.0
153389_36,48.40851974487305,0.5392659902572632
153389_37,38.26564025878906,0.0
153389_38,2.476264715194702,0.0
153389_39,35.294517517089844,0.0
153389_4,31.401460647583008,0.0
153389_40,43.36797332763672,0.0
153389_41,36.059078216552734,0.0
153389_42,42.37199020385742,0.0
153389_43,47.01311111450195,0.0
153389_45,46.07426071166992,0.0
153389_47,38.592002868652344,0.0
153389_48,32.23041534423828,0.0
153389_5,38.51565170288086,0.0
153389_50,36.583045959472656,0.0
153389_51,25.230449676513672,0.43946823477745056
153389_52,27.416976928710938,0.0
153389_53,31.164138793945312,0.0
153389_54,44.30107879638672,0.0
153389_55,19.52717399597168,0.0
153389_57,39.8817253112793,0.0
153389_58,39.4592170715332,0.0
153389_6,39.39225387573242,0.0
153389_60,28.010644912719727,0.0
153389_61,22.379573822021484,0.0
153389_62,24.283039093017578,0.0
153389_63,29.039470672607422,0.07783767580986023
153389_64,34.854888916015625,0.0
153389_65,42.86568832397461,0.0
153389_66,26.861492156982422,0.0
153389_67,25.282560348510742,1.3856282234191895
153389_68,48.456966400146484,1.1596825122833252
153389_69,39.468265533447266,0.4978027641773224
153389_70,47.14346694946289,0.0
153389_71,26.05937385559082,1.4216458797454834
153389_72,39.602935791015625,0.0
153389_73,42.21770477294922,0.9717156887054443
153389_75,39.151302337646484,0.0
153389_76,27.53245735168457,2.8709120750427246
153389_78,30.74079132080078,0.0
153389_8,26.344152450561523,0.0
153389_80,27.00214195251465,0.4447316527366638
153389_81,28.312240600585938,0.19943581521511078
153389_82,15.528711318969727,1.200265884399414
153389_9,50.994720458984375,11.075789451599121
153390_1,27.96625518798828,0.0
153390_10,34.73947525024414,1.482621669769287
153390_11,41.6535530090332,0.0
153390_12,41.66028594970703,0.0
153390_13,23.27617835998535,0.0
153390_14,19.140220642089844,1.0259697437286377
153390_15,31.875328063964844,0.0
153390_16,35.78511047363281,0.0
153390_17,38.49883270263672,0.0
153390_18,39.07311248779297,0.0
153390_19,43.505558013916016,0.0
153390_2,27.090702056884766,0.0
153390_20,20.649703979492188,0.10622924566268921
153390_21,31.117876052856445,0.023085495457053185
153390_22,35.43735122680664,0.0
153390_24,29.088146209716797,0.0
153390_26,38.67357635498047,0.0
153390_27,43.679405212402344,0.28489500284194946
153390_28,26.991731643676758,0.0
153390_29,16.526453018188477,0.0
153390_3,23.66703987121582,0.45305198431015015
153390_30,40.05681228637695,0.0
153390_31,37.1827392578125,2.0694379806518555
153390_32,42.96208190917969,2.382404327392578
153390_33,43.337459564208984,0.0
153390_34,33.80628967285156,1.1268620491027832
153390_35,22.6109561920166,0.0
153390_36,49.13842010498047,0.0
153390_37,44.59815216064453,4.678656101226807
153390_38,29.033205032348633,0.7226361036300659
153390_39,36.8831901550293,0.0
153390_4,26.54841423034668,0.0
153390_40,44.59565353393555,0.0
153390_41,16.09611701965332,0.37829551100730896
153390_42,43.84538269042969,0.17625129222869873
153390_43,35.01905059814453,0.0
153390_44,22.105382919311523,0.0
153390_45,41.47987747192383,0.0
153390_46,51.66438674926758,0.0
153390_47,27.165525436401367,0.0
153390_48,30.5830135345459,0.0
153390_49,32.001285552978516,0.0
153390_5,53.828086853027344,0.0
153390_50,29.751724243164062,0.0
153390_51,14.186367988586426,0.6308661699295044
153390_52,37.90424346923828,0.0
153390_53,29.324291229248047,0.492605596780777
153390_56,39.755897521972656,2.660989761352539
153390_59,19.110776901245117,0.7570781707763672
153390_6,42.37022018432617,0.26625916361808777
153390_60,43.31270980834961,0.0
153390_61,37.63964080810547,0.0
153390_62,20.021108627319336,2.1389575004577637
153390_63,37.39194107055664,0.0
153390_64,24.280065536499023,1.0448752641677856
153390_65,40.49335861206055,0.1574927121400833
153390_66,60.71962356567383,4.80708646774292
153390_67,34.50926208496094,1.0310256481170654
153390_68,30.952251434326172,0.45803290605545044
153390_69,30.24577522277832,0.0
153390_7,36.56148910522461,0.0
153390_71,38.61085891723633,2.633443593978882
153390_72,34.374969482421875,0.0
153390_73,23.166866302490234,0.012079702690243721
153390_74,5.732981204986572,0.15057851374149323
153390_75,25.50385284423828,2.07928204536438
153390_76,38.68050765991211,0.0
153390_77,16.66567611694336,0.0
153390_78,35.45421600341797,1.200913429260254
153390_8,35.19939041137695,0.0
153390_80,51.0424690246582,0.0
153390_81,27.203699111938477,0.0
153390_82,28.067930221557617,2.2097866535186768
153390_83,22.955951690673828,0.0
153390_84,44.54897689819336,0.8641318082809448
153390_86,31.7646484375,0.0
153390_9,42.20486068725586,0.0
153391_1,29.19499397277832,0.0
153391_10,43.538265228271484,0.0
153391_11,33.40091323852539,0.0
153391_12,42.97360610961914,0.0
153391_13,33.0651969909668,0.0
153391_14,47.47602844238281,0.0
153391_15,32.8880729675293,0.0
153391_16,51.09028625488281,0.0
153391_17,32.88243103027344,0.0
153391_18,28.338638305664062,0.0
153391_19,16.74160385131836,0.7613949775695801
153391_2,38.82554244995117,0.0
153391_20,36.1250114440918,1.0713801383972168
153391_21,39.059410095214844,0.0
153391_22,31.925697326660156,0.0
153391_24,29.301616668701172,0.0
153391_26,43.90943908691406,0.0
153391_27,43.72209548950195,1.5341119766235352
153391_28,47.82404327392578,0.0
153391_29,40.08198928833008,0.0
153391_3,31.877357482910156,0.17838028073310852
153391_30,31.955829620361328,0.2244311273097992
153391_31,27.635866165161133,2.0536813735961914
153391_32,36.44038009643555,0.0
153391_33,44.69712448120117,0.49747857451438904
153391_34,42.84279251098633,0.0
153391_35,36.937095642089844,0.0
153391_36,39.47679901123047,0.0
153391_37,42.92481231689453,0.0
153391_38,43.056549072265625,0.0
153391_39,44.47543716430664,0.7853431701660156
153391_40,38.304893493652344,0.0
153391_41,34.6588020324707,0.0
153391_42,35.272857666015625,0.0
153391_43,28.917648315429688,0.14816807210445404
153391_44,29.56009292602539,0.2327653467655182
153391_45,29.833229064941406,1.2350575923919678
153391_46,15.953298568725586,0.0
153391_47,47.969486236572266,0.0
153391_48,45.51530838012695,0.0
153391_49,41.31269836425781,1.6444984674453735
153391_5,39.173057556152344,0.0
153391_50,46.32467269897461,0.0
153391_51,39.192108154296875,0.0
153391_52,37.35606384277344,0.0
153391_53,19.645671844482422,0.2816568911075592
153391_54,32.947425842285156,0.0
153391_55,48.836456298828125,0.0
153391_56,39.884368896484375,1.5714281797409058
153391_57,35.73246765136719,0.0
153391_58,32.423465728759766,0.0
153391_59,16.73362159729004,1.1614127159118652
153391_6,27.787660598754883,0.2953213155269623
153391_60,20.896642684936523,1.8640509843826294
153391_61,42.0743293762207,0.0
153391_63,43.49643325805664,0.24215957522392273
153391_64,29.900249481201172,0.6169402003288269
153391_65,40.572059631347656,1.1845738887786865
153391_66,46.88432693481445,0.0
153391_68,39.65646743774414,0.0
153391_69,31.494699478149414,0.0
153391_70,24.183895111083984,0.20164479315280914
153391_71,35.327205657958984,0.8731417655944824
153391_72,33.466285705566406,0.0
153391_73,39.172935485839844,0.0
153391_76,42.585304260253906,0.41512149572372437
153391_77,33.13311004638672,0.0
153391_78,41.29077911376953,0.0
153391_79,25.939695358276367,0.0
153391_80,26.1023006439209,1.0252366065979004
153391_81,30.578649520874023,0.0
153391_82,49.25061798095703,0.0
153391_83,48.292598724365234,0.09211968630552292
153391_85,25.57489776611328,0.0
153391_86,42.04962921142578,3.6151883602142334
153391_9,36.74803161621094,0.0
153392_1,30.971769332885742,0.0
153392_10,41.30971908569336,1.998801589012146
153392_100,34.20130920410156,1.0383093357086182
153392_102,34.77109146118164,5.36886739730835
153392_103,28.760845184326172,0.0
153392_104,28.71245765686035,0.0
153392_105,42.987857818603516,0.0
153392_106,34.95573043823242,0.0
153392_107,30.855432510375977,1.7677346467971802
153392_108,38.85135269165039,0.0
153392_11,35.2790412902832,0.014179723337292671
153392_13,38.30546188354492,0.0
153392_14,51.12982940673828,0.0
153392_15,18.060035705566406,1.2198476791381836
153392_17,40.8378791809082,0.0
153392_18,23.418447494506836,0.0
153392_2,40.10396957397461,0.0
153392_20,28.038475036621094,0.0
153392_21,9.000246047973633,0.5226970911026001
153392_22,41.59257125854492,0.0
153392_23,36.03776550292969,1.5312318801879883
153392_24,19.70063591003418,0.7432867884635925
153392_25,33.6728401184082,0.0
153392_26,24.436573028564453,0.7758784294128418
153392_27,42.801517486572266,0.0
153392_29,14.741924285888672,1.3903837203979492
153392_3,37.54624557495117,0.0
153392_30,18.136564254760742,0.18133077025413513
153392_32,25.483339309692383,0.0
153392_33,21.857990264892578,0.0
153392_34,20.159408569335938,0.0
153392_35,25.217205047607422,0.0
153392_36,29.664533615112305,0.0
153392_37,44.55535125732422,0.0
153392_38,43.14299774169922,0.0
153392_39,40.715423583984375,0.0
153392_4,17.58053970336914,0.08034227788448334
153392_40,51.18712615966797,2.3092763423919678
153392_41,51.291568756103516,0.0
153392_44,18.45516014099121,1.7303861379623413
153392_45,36.950050354003906,0.0
153392_46,29.01909065246582,0.053350839763879776
153392_47,26.59748649597168,1.7551562786102295
153392_48,18.053565979003906,0.21876132488250732
153392_49,55.956024169921875,0.0
153392_5,29.846996307373047,0.0
153392_50,26.803199768066406,0.0
153392_52,27.965482711791992,0.6493352055549622
153392_53,33.281856536865234,0.0
153392_54,56.42039108276367,0.0
153392_55,37.072608947753906,0.0
153392_56,25.689260482788086,0.0
153392_57,16.240814208984375,0.5852870345115662
153392_59,19.627883911132812,0.0
153392_6,47.39786148071289,0.0
153392_60,16.299962997436523,0.24542509019374847
153392_62,45.1505012512207,0.3186746835708618
153392_63,32.52134704589844,0.0
153392_64,27.251127243041992,1.5048481225967407
153392_65,47.90541458129883,0.0
153392_66,35.849544525146484,0.0
153392_67,29.014999389648438,0.551509439945221
153392_68,38.4848747253418,0.0
153392_7,30.06211280822754,0.0
153392_71,47.48817443847656,0.0
153392_72,54.41093444824219,0.0
153392_73,35.64535903930664,0.0
153392_74,46.145999908447266,0.0
153392_75,22.009990692138672,0.0
153392_76,33.56746292114258,0.0
153392_77,26.68765640258789,0.0
153392_78,35.002464294433594,0.0
153392_79,32.628501892089844,0.0
153392_8,50.403297424316406,0.0
153392_80,28.0496883392334,1.1625559329986572
153392_81,26.179386138916016,0.0
153392_82,55.88087844848633,1.2306402921676636
153392_83,38.870941162109375,0.7111337780952454
153392_84,43.34105682373047,5.832247734069824
153392_85,37.55667495727539,0.33919447660446167
153392_86,52.53752517700195,0.0
153392_87,50.428741455078125,0.0
153392_89,41.747474670410156,0.0
153392_90,54.743228912353516,0.0
153392_91,47.24870681762695,0.0
153392_92,36.85919189453125,0.0
153392_93,43.317108154296875,0.3285740911960602
153392_95,48.69721603393555,0.0
153392_96,35.26198959350586,0.5316867828369141
153392_97,32.49720001220703,1.578070878982544
153392_98,37.21110916137695,0.3848966360092163
153392_99,50.663780212402344,0.0
